Timestamp,ID,Parking Name,Total Spaces,Free Spaces,Last Updated
2025-03-01 20:28:21,431,Altmarkt,400,314,"01.03.25, 21:27"
2025-03-01 20:28:23,403,An der Frauenkirche,120,69,"01.03.25, 21:27"
2025-03-01 20:28:24,422,Frauenkirche / Neumarkt,250,140,"01.03.25, 21:27"
2025-03-01 20:28:26,402,Haus am Zwinger,171,0,"01.03.25, 21:27"
2025-03-01 20:28:28,442,Ostra-Allee,90,N/A,N/A
2025-03-01 20:28:29,411,Schießgasse,202,4,"01.03.25, 21:27"
2025-03-01 20:28:31,408,Semperoper,400,110,"01.03.25, 21:27"
2025-03-01 20:28:32,401,Taschenbergpalais,98,58,"01.03.25, 21:27"
2025-03-01 20:28:34,455,Freiberger Platz,110,N/A,N/A
2025-03-01 20:28:35,421,Kongresszentrum,250,86,"01.03.25, 21:27"
2025-03-01 20:28:37,456,Kraftwerk Mitte,0,0,"01.03.25, 21:27"
2025-03-01 20:28:38,464,Ostra-Ufer,141,136,"01.03.25, 21:27"
2025-03-01 20:28:40,429,Parkhaus Mitte,280,298,"01.03.25, 21:27"
2025-03-01 20:28:42,407,World Trade Center,220,67,"01.03.25, 21:28"
2025-03-01 20:28:43,409,Altmarkt - Galerie,480,0,"01.03.25, 21:28"
2025-03-01 20:28:44,461,Budapester Straße,127,33,"01.03.25, 21:28"
2025-03-01 20:28:45,438,Centrum - Galerie,1059,923,"01.03.25, 21:28"
2025-03-01 20:28:47,419,Ferdinandplatz,170,69,"01.03.25, 21:28"
2025-03-01 20:28:48,404,GALERIA Karstadt Kaufhof,N/A,N/A,N/A
2025-03-01 20:28:49,415,Reitbahnstraße,285,60,"01.03.25, 21:28"
2025-03-01 20:28:50,410,Wiener Platz / Hauptbahnhof,350,307,"01.03.25, 21:28"
2025-03-01 20:28:52,405,Wöhrl / Florentinum,264,78,"01.03.25, 21:28"
2025-03-01 20:28:53,406,SachsenEnergie Center,200,197,"01.03.25, 21:28"
2025-03-01 20:28:54,453,Strehlener Straße,235,230,"01.03.25, 21:28"
2025-03-01 20:28:56,443,Blüherstraße,130,N/A,N/A
2025-03-01 20:28:58,413,Lindengasse,N/A,N/A,N/A
2025-03-01 20:28:59,444,Lingnerallee,350,N/A,N/A
2025-03-01 20:29:00,445,Pirnaische Straße,500,N/A,N/A
2025-03-01 20:29:01,412,Pirnaischer Platz,110,22,"01.03.25, 21:28"
2025-03-01 20:29:02,452,SP1 Straßburger Platz,291,153,"01.03.25, 21:28"
2025-03-01 20:29:04,447,Bahnhof Neustadt,40,N/A,N/A
2025-03-01 20:29:05,448,Palaisplatz,100,N/A,N/A
2025-03-01 20:29:06,420,Sarrasanistraße,55,23,"01.03.25, 21:28"
2025-03-01 20:29:07,418,Theresienstraße,140,61,"01.03.25, 21:28"
2025-03-01 20:29:08,417,Wiesentorstraße,120,56,"01.03.25, 21:28"
2025-03-01 20:29:10,449,Wigardstraße,180,N/A,N/A
2025-03-01 20:29:11,465,Fidelio-F.-Finke-Straße,105,70,"01.03.25, 21:28"
2025-03-01 20:29:12,424,MESSE DRESDEN Parkplatz P7,N/A,N/A,N/A
2025-03-01 20:29:14,437,Cossebaude,32,29,"01.03.25, 21:28"
2025-03-01 20:29:15,441,Gompitz,46,N/A,N/A
2025-03-01 20:29:16,459,Grenzstraße,38,23,"01.03.25, 21:28"
2025-03-01 20:29:17,427,Kaditz,190,161,"01.03.25, 21:28"
2025-03-01 20:29:19,433,Klotzsche,36,10,"01.03.25, 21:28"
2025-03-01 20:29:20,439,Langebrück,50,37,"01.03.25, 21:28"
2025-03-01 20:29:21,436,Pennrich,50,46,"01.03.25, 21:28"
2025-03-01 20:29:23,426,Prohlis,56,47,"01.03.25, 21:28"
2025-03-01 20:29:24,434,Reick,19,19,"01.03.25, 21:28"
2025-03-01 20:29:25,460,Weißig,33,N/A,N/A
2025-03-01 20:29:26,466,Weixdorf Bad,24,N/A,N/A
2025-03-01 20:29:27,450,Ammonstraße Bus,45,N/A,N/A
2025-03-01 20:29:29,454,Pieschener Allee Bus,130,115,"01.03.25, 21:28"
2025-03-01 20:41:11,431,Altmarkt,400,325,"01.03.25, 21:40"
2025-03-01 20:41:13,403,An der Frauenkirche,120,73,"01.03.25, 21:40"
2025-03-01 20:41:15,422,Frauenkirche / Neumarkt,250,143,"01.03.25, 21:40"
2025-03-01 20:41:16,402,Haus am Zwinger,171,0,"01.03.25, 21:40"
2025-03-01 20:41:17,442,Ostra-Allee,90,N/A,N/A
2025-03-01 20:41:19,411,Schießgasse,202,11,"01.03.25, 21:40"
2025-03-01 20:41:20,408,Semperoper,400,113,"01.03.25, 21:40"
2025-03-01 20:41:22,401,Taschenbergpalais,98,60,"01.03.25, 21:40"
2025-03-01 20:41:23,455,Freiberger Platz,110,N/A,N/A
2025-03-01 20:41:25,421,Kongresszentrum,250,86,"01.03.25, 21:40"
2025-03-01 20:41:26,456,Kraftwerk Mitte,0,0,"01.03.25, 21:40"
2025-03-01 20:41:27,464,Ostra-Ufer,141,136,"01.03.25, 21:40"
2025-03-01 20:41:29,429,Parkhaus Mitte,280,298,"01.03.25, 21:40"
2025-03-01 20:41:30,407,World Trade Center,220,85,"01.03.25, 21:40"
2025-03-01 20:41:31,409,Altmarkt - Galerie,N/A,N/A,N/A
2025-03-01 20:41:32,461,Budapester Straße,127,32,"01.03.25, 21:40"
2025-03-01 20:41:34,438,Centrum - Galerie,1059,928,"01.03.25, 21:40"
2025-03-01 20:41:35,419,Ferdinandplatz,170,69,"01.03.25, 21:40"
2025-03-01 20:41:36,404,GALERIA Karstadt Kaufhof,N/A,N/A,N/A
2025-03-01 20:41:37,415,Reitbahnstraße,285,62,"01.03.25, 21:40"
2025-03-01 20:41:39,410,Wiener Platz / Hauptbahnhof,350,311,"01.03.25, 21:40"
2025-03-01 20:41:40,405,Wöhrl / Florentinum,264,82,"01.03.25, 21:40"
2025-03-01 20:41:42,406,SachsenEnergie Center,200,197,"01.03.25, 21:41"
2025-03-01 20:41:43,453,Strehlener Straße,235,231,"01.03.25, 21:41"
2025-03-01 20:41:44,443,Blüherstraße,130,N/A,N/A
2025-03-01 20:41:45,413,Lindengasse,N/A,N/A,N/A
2025-03-01 20:41:47,444,Lingnerallee,350,N/A,N/A
2025-03-01 20:41:48,445,Pirnaische Straße,500,N/A,N/A
2025-03-01 20:41:50,412,Pirnaischer Platz,110,25,"01.03.25, 21:41"
2025-03-01 20:41:51,452,SP1 Straßburger Platz,291,154,"01.03.25, 21:41"
2025-03-01 20:41:52,447,Bahnhof Neustadt,40,N/A,N/A
2025-03-01 20:41:53,448,Palaisplatz,100,N/A,N/A
2025-03-01 20:41:55,420,Sarrasanistraße,55,22,"01.03.25, 21:41"
2025-03-01 20:41:56,418,Theresienstraße,140,61,"01.03.25, 21:41"
2025-03-01 20:41:57,417,Wiesentorstraße,120,56,"01.03.25, 21:41"
2025-03-01 20:41:58,449,Wigardstraße,180,N/A,N/A
2025-03-01 20:42:00,465,Fidelio-F.-Finke-Straße,105,70,"01.03.25, 21:41"
2025-03-01 20:42:01,424,MESSE DRESDEN Parkplatz P7,N/A,N/A,N/A
2025-03-01 20:42:02,437,Cossebaude,32,28,"01.03.25, 21:41"
2025-03-01 20:42:03,441,Gompitz,46,N/A,N/A
2025-03-01 20:42:05,459,Grenzstraße,38,23,"01.03.25, 21:41"
2025-03-01 20:42:06,427,Kaditz,190,161,"01.03.25, 21:41"
2025-03-01 20:42:07,433,Klotzsche,36,10,"01.03.25, 21:41"
2025-03-01 20:42:08,439,Langebrück,50,37,"01.03.25, 21:41"
2025-03-01 20:42:09,436,Pennrich,50,46,"01.03.25, 21:41"
2025-03-01 20:42:11,426,Prohlis,56,45,"01.03.25, 21:41"
2025-03-01 20:42:12,434,Reick,19,19,"01.03.25, 21:41"
2025-03-01 20:42:13,460,Weißig,33,N/A,N/A
2025-03-01 20:42:14,466,Weixdorf Bad,24,N/A,N/A
2025-03-01 20:42:15,450,Ammonstraße Bus,45,N/A,N/A
2025-03-01 20:42:17,454,Pieschener Allee Bus,130,116,"01.03.25, 21:41"
2025-03-01 20:53:31,431,Altmarkt,400,333,"01.03.25, 21:52"
2025-03-01 20:53:32,403,An der Frauenkirche,120,73,"01.03.25, 21:52"
2025-03-01 20:53:34,422,Frauenkirche / Neumarkt,250,144,"01.03.25, 21:52"
2025-03-01 20:53:36,402,Haus am Zwinger,171,0,"01.03.25, 21:52"
2025-03-01 20:53:37,442,Ostra-Allee,90,N/A,N/A
2025-03-01 20:53:39,411,Schießgasse,202,15,"01.03.25, 21:52"
2025-03-01 20:53:40,408,Semperoper,400,140,"01.03.25, 21:52"
2025-03-01 20:53:42,401,Taschenbergpalais,98,64,"01.03.25, 21:53"
2025-03-01 20:53:43,455,Freiberger Platz,110,N/A,N/A
2025-03-01 20:53:44,421,Kongresszentrum,250,85,"01.03.25, 21:53"
2025-03-01 20:53:46,456,Kraftwerk Mitte,0,0,"01.03.25, 21:53"
2025-03-01 20:53:47,464,Ostra-Ufer,141,138,"01.03.25, 21:53"
2025-03-01 20:53:48,429,Parkhaus Mitte,280,298,"01.03.25, 21:53"
2025-03-01 20:53:50,407,World Trade Center,220,93,"01.03.25, 21:53"
2025-03-01 20:53:51,409,Altmarkt - Galerie,N/A,N/A,N/A
2025-03-01 20:53:53,461,Budapester Straße,127,34,"01.03.25, 21:53"
2025-03-01 20:53:54,438,Centrum - Galerie,1059,929,"01.03.25, 21:53"
2025-03-01 20:53:55,419,Ferdinandplatz,170,70,"01.03.25, 21:53"
2025-03-01 20:53:56,404,GALERIA Karstadt Kaufhof,N/A,N/A,N/A
2025-03-01 20:53:58,415,Reitbahnstraße,285,62,"01.03.25, 21:53"
2025-03-01 20:53:59,410,Wiener Platz / Hauptbahnhof,350,318,"01.03.25, 21:53"
2025-03-01 20:54:01,405,Wöhrl / Florentinum,264,84,"01.03.25, 21:53"
2025-03-01 20:54:02,406,SachsenEnergie Center,200,197,"01.03.25, 21:53"
2025-03-01 20:54:04,453,Strehlener Straße,235,230,"01.03.25, 21:53"
2025-03-01 20:54:05,443,Blüherstraße,130,N/A,N/A
2025-03-01 20:54:06,413,Lindengasse,N/A,N/A,N/A
2025-03-01 20:54:08,444,Lingnerallee,350,N/A,N/A
2025-03-01 20:54:09,445,Pirnaische Straße,500,N/A,N/A
2025-03-01 20:54:11,412,Pirnaischer Platz,110,27,"01.03.25, 21:53"
2025-03-01 20:54:12,452,SP1 Straßburger Platz,291,156,"01.03.25, 21:53"
2025-03-01 20:54:13,447,Bahnhof Neustadt,40,N/A,N/A
2025-03-01 20:54:15,448,Palaisplatz,100,N/A,N/A
2025-03-01 20:54:16,420,Sarrasanistraße,55,21,"01.03.25, 21:53"
2025-03-01 20:54:17,418,Theresienstraße,140,61,"01.03.25, 21:53"
2025-03-01 20:54:19,417,Wiesentorstraße,120,56,"01.03.25, 21:53"
2025-03-01 20:54:20,449,Wigardstraße,180,N/A,N/A
2025-03-01 20:54:22,465,Fidelio-F.-Finke-Straße,105,69,"01.03.25, 21:53"
2025-03-01 20:54:23,424,MESSE DRESDEN Parkplatz P7,N/A,N/A,N/A
2025-03-01 20:54:24,437,Cossebaude,32,30,"01.03.25, 21:53"
2025-03-01 20:54:26,441,Gompitz,46,N/A,N/A
2025-03-01 20:54:27,459,Grenzstraße,38,23,"01.03.25, 21:53"
2025-03-01 20:54:28,427,Kaditz,190,161,"01.03.25, 21:53"
2025-03-01 20:54:30,433,Klotzsche,36,10,"01.03.25, 21:53"
2025-03-01 20:54:31,439,Langebrück,50,37,"01.03.25, 21:53"
2025-03-01 20:54:32,436,Pennrich,50,46,"01.03.25, 21:53"
2025-03-01 20:54:34,426,Prohlis,56,45,"01.03.25, 21:53"
2025-03-01 20:54:35,434,Reick,19,19,"01.03.25, 21:53"
2025-03-01 20:54:36,460,Weißig,33,N/A,N/A
2025-03-01 20:54:38,466,Weixdorf Bad,24,N/A,N/A
2025-03-01 20:54:39,450,Ammonstraße Bus,45,N/A,N/A
2025-03-01 20:54:41,454,Pieschener Allee Bus,130,117,"01.03.25, 21:53"
2025-03-01 21:18:47,431,Altmarkt,400,356,"01.03.25, 22:18"
2025-03-01 21:18:49,403,An der Frauenkirche,120,86,"01.03.25, 22:18"
2025-03-01 21:18:50,422,Frauenkirche / Neumarkt,250,148,"01.03.25, 22:18"
2025-03-01 21:18:52,402,Haus am Zwinger,171,0,"01.03.25, 22:18"
2025-03-01 21:18:53,442,Ostra-Allee,90,N/A,N/A
2025-03-01 21:18:54,411,Schießgasse,202,35,"01.03.25, 22:18"
2025-03-01 21:18:56,408,Semperoper,400,144,"01.03.25, 22:18"
2025-03-01 21:18:57,401,Taschenbergpalais,98,68,"01.03.25, 22:18"
2025-03-01 21:18:59,455,Freiberger Platz,110,N/A,N/A
2025-03-01 21:19:00,421,Kongresszentrum,250,85,"01.03.25, 22:18"
2025-03-01 21:19:02,456,Kraftwerk Mitte,0,0,"01.03.25, 22:18"
2025-03-01 21:19:03,464,Ostra-Ufer,141,139,"01.03.25, 22:18"
2025-03-01 21:19:04,429,Parkhaus Mitte,280,297,"01.03.25, 22:18"
2025-03-01 21:19:05,407,World Trade Center,220,118,"01.03.25, 22:18"
2025-03-01 21:19:07,409,Altmarkt - Galerie,N/A,N/A,N/A
2025-03-01 21:19:08,461,Budapester Straße,127,38,"01.03.25, 22:18"
2025-03-01 21:19:09,438,Centrum - Galerie,1059,933,"01.03.25, 22:18"
2025-03-01 21:19:10,419,Ferdinandplatz,170,77,"01.03.25, 22:18"
2025-03-01 21:19:12,404,GALERIA Karstadt Kaufhof,N/A,N/A,N/A
2025-03-01 21:19:13,415,Reitbahnstraße,285,79,"01.03.25, 22:18"
2025-03-01 21:19:15,410,Wiener Platz / Hauptbahnhof,350,317,"01.03.25, 22:18"
2025-03-01 21:19:16,405,Wöhrl / Florentinum,264,92,"01.03.25, 22:18"
2025-03-01 21:19:18,406,SachsenEnergie Center,200,197,"01.03.25, 22:18"
2025-03-01 21:19:19,453,Strehlener Straße,235,231,"01.03.25, 22:18"
2025-03-01 21:19:20,443,Blüherstraße,130,N/A,N/A
2025-03-01 21:19:22,413,Lindengasse,N/A,N/A,N/A
2025-03-01 21:19:23,444,Lingnerallee,350,N/A,N/A
2025-03-01 21:19:24,445,Pirnaische Straße,500,N/A,N/A
2025-03-01 21:19:25,412,Pirnaischer Platz,110,28,"01.03.25, 22:18"
2025-03-01 21:19:26,452,SP1 Straßburger Platz,291,157,"01.03.25, 22:18"
2025-03-01 21:19:28,447,Bahnhof Neustadt,40,N/A,N/A
2025-03-01 21:19:29,448,Palaisplatz,100,N/A,N/A
2025-03-01 21:19:31,420,Sarrasanistraße,55,21,"01.03.25, 22:18"
2025-03-01 21:19:32,418,Theresienstraße,140,61,"01.03.25, 22:18"
2025-03-01 21:19:33,417,Wiesentorstraße,120,56,"01.03.25, 22:18"
2025-03-01 21:19:35,449,Wigardstraße,180,N/A,N/A
2025-03-01 21:19:36,465,Fidelio-F.-Finke-Straße,105,70,"01.03.25, 22:18"
2025-03-01 21:19:37,424,MESSE DRESDEN Parkplatz P7,N/A,N/A,N/A
2025-03-01 21:19:38,437,Cossebaude,32,29,"01.03.25, 22:18"
2025-03-01 21:19:40,441,Gompitz,46,N/A,N/A
2025-03-01 21:19:41,459,Grenzstraße,38,23,"01.03.25, 22:18"
2025-03-01 21:19:42,427,Kaditz,190,161,"01.03.25, 22:19"
2025-03-01 21:19:43,433,Klotzsche,36,10,"01.03.25, 22:19"
2025-03-01 21:19:45,439,Langebrück,50,38,"01.03.25, 22:19"
2025-03-01 21:19:46,436,Pennrich,50,46,"01.03.25, 22:19"
2025-03-01 21:19:47,426,Prohlis,56,48,"01.03.25, 22:19"
2025-03-01 21:19:48,434,Reick,19,19,"01.03.25, 22:19"
2025-03-01 21:19:50,460,Weißig,33,N/A,N/A
2025-03-01 21:19:51,466,Weixdorf Bad,24,N/A,N/A
2025-03-01 21:19:52,450,Ammonstraße Bus,45,N/A,N/A
2025-03-01 21:19:54,454,Pieschener Allee Bus,130,117,"01.03.25, 22:19"
2025-03-01 21:37:57,431,Altmarkt,400,363,"01.03.25, 22:37"
2025-03-01 21:37:59,403,An der Frauenkirche,120,92,"01.03.25, 22:37"
2025-03-01 21:38:01,422,Frauenkirche / Neumarkt,250,148,"01.03.25, 22:37"
2025-03-01 21:38:03,402,Haus am Zwinger,171,0,"01.03.25, 22:37"
2025-03-01 21:38:06,442,Ostra-Allee,90,N/A,N/A
2025-03-01 21:38:07,411,Schießgasse,202,52,"01.03.25, 22:37"
2025-03-01 21:38:09,408,Semperoper,400,144,"01.03.25, 22:37"
2025-03-01 21:38:11,401,Taschenbergpalais,98,69,"01.03.25, 22:37"
2025-03-01 21:38:13,455,Freiberger Platz,110,N/A,N/A
2025-03-01 21:38:15,421,Kongresszentrum,250,85,"01.03.25, 22:37"
2025-03-01 21:38:16,456,Kraftwerk Mitte,0,0,"01.03.25, 22:37"
2025-03-01 21:38:18,464,Ostra-Ufer,141,140,"01.03.25, 22:37"
2025-03-01 21:38:20,429,Parkhaus Mitte,280,297,"01.03.25, 22:37"
2025-03-01 21:38:22,407,World Trade Center,220,167,"01.03.25, 22:37"
2025-03-01 21:38:23,409,Altmarkt - Galerie,N/A,N/A,N/A
2025-03-01 21:38:25,461,Budapester Straße,127,44,"01.03.25, 22:37"
2025-03-01 21:38:27,438,Centrum - Galerie,1059,937,"01.03.25, 22:37"
2025-03-01 21:38:28,419,Ferdinandplatz,170,90,"01.03.25, 22:37"
2025-03-01 21:38:29,404,GALERIA Karstadt Kaufhof,N/A,N/A,N/A
2025-03-01 21:38:31,415,Reitbahnstraße,285,91,"01.03.25, 22:37"
2025-03-01 21:38:32,410,Wiener Platz / Hauptbahnhof,350,319,"01.03.25, 22:37"
2025-03-01 21:38:34,405,Wöhrl / Florentinum,264,98,"01.03.25, 22:37"
2025-03-01 21:38:35,406,SachsenEnergie Center,200,197,"01.03.25, 22:37"
2025-03-01 21:38:37,453,Strehlener Straße,235,231,"01.03.25, 22:37"
2025-03-01 21:38:38,443,Blüherstraße,130,N/A,N/A
2025-03-01 21:38:39,413,Lindengasse,N/A,N/A,N/A
2025-03-01 21:38:41,444,Lingnerallee,350,N/A,N/A
2025-03-01 21:38:42,445,Pirnaische Straße,500,N/A,N/A
2025-03-01 21:38:45,412,Pirnaischer Platz,110,33,"01.03.25, 22:38"
2025-03-01 21:38:46,452,SP1 Straßburger Platz,291,158,"01.03.25, 22:38"
2025-03-01 21:38:47,447,Bahnhof Neustadt,40,N/A,N/A
2025-03-01 21:38:49,448,Palaisplatz,100,N/A,N/A
2025-03-01 21:38:50,420,Sarrasanistraße,55,21,"01.03.25, 22:38"
2025-03-01 21:38:52,418,Theresienstraße,140,61,"01.03.25, 22:38"
2025-03-01 21:38:53,417,Wiesentorstraße,120,55,"01.03.25, 22:38"
2025-03-01 21:38:54,449,Wigardstraße,180,N/A,N/A
2025-03-01 21:38:56,465,Fidelio-F.-Finke-Straße,105,70,"01.03.25, 22:38"
2025-03-01 21:38:58,424,MESSE DRESDEN Parkplatz P7,N/A,N/A,N/A
2025-03-01 21:38:59,437,Cossebaude,32,28,"01.03.25, 22:38"
2025-03-01 21:39:01,441,Gompitz,46,N/A,N/A
2025-03-01 21:39:02,459,Grenzstraße,38,22,"01.03.25, 22:38"
2025-03-01 21:39:04,427,Kaditz,190,161,"01.03.25, 22:38"
2025-03-01 21:39:05,433,Klotzsche,36,10,"01.03.25, 22:38"
2025-03-01 21:39:07,439,Langebrück,50,37,"01.03.25, 22:38"
2025-03-01 21:39:08,436,Pennrich,50,46,"01.03.25, 22:38"
2025-03-01 21:39:09,426,Prohlis,56,49,"01.03.25, 22:38"
2025-03-01 21:39:11,434,Reick,19,19,"01.03.25, 22:38"
2025-03-01 21:39:12,460,Weißig,33,N/A,N/A
2025-03-01 21:39:14,466,Weixdorf Bad,24,N/A,N/A
2025-03-01 21:39:16,450,Ammonstraße Bus,45,N/A,N/A
2025-03-01 21:39:17,454,Pieschener Allee Bus,130,118,"01.03.25, 22:38"
2025-03-01 21:52:06,431,Altmarkt,400,376,"01.03.25, 22:51"
2025-03-01 21:52:07,403,An der Frauenkirche,120,93,"01.03.25, 22:51"
2025-03-01 21:52:09,422,Frauenkirche / Neumarkt,250,147,"01.03.25, 22:51"
2025-03-01 21:52:10,402,Haus am Zwinger,171,0,"01.03.25, 22:51"
2025-03-01 21:52:12,442,Ostra-Allee,90,N/A,N/A
2025-03-01 21:52:13,411,Schießgasse,202,65,"01.03.25, 22:51"
2025-03-01 21:52:15,408,Semperoper,400,144,"01.03.25, 22:51"
2025-03-01 21:52:16,401,Taschenbergpalais,98,71,"01.03.25, 22:51"
2025-03-01 21:52:18,455,Freiberger Platz,110,N/A,N/A
2025-03-01 21:52:19,421,Kongresszentrum,250,83,"01.03.25, 22:51"
2025-03-01 21:52:20,456,Kraftwerk Mitte,0,0,"01.03.25, 22:51"
2025-03-01 21:52:21,464,Ostra-Ufer,141,140,"01.03.25, 22:51"
2025-03-01 21:52:23,429,Parkhaus Mitte,280,297,"01.03.25, 22:51"
2025-03-01 21:52:24,407,World Trade Center,220,181,"01.03.25, 22:51"
2025-03-01 21:52:26,409,Altmarkt - Galerie,N/A,N/A,N/A
2025-03-01 21:52:27,461,Budapester Straße,127,47,"01.03.25, 22:51"
2025-03-01 21:52:29,438,Centrum - Galerie,1059,939,"01.03.25, 22:51"
2025-03-01 21:52:30,419,Ferdinandplatz,170,91,"01.03.25, 22:51"
2025-03-01 21:52:31,404,GALERIA Karstadt Kaufhof,N/A,N/A,N/A
2025-03-01 21:52:32,415,Reitbahnstraße,285,96,"01.03.25, 22:51"
2025-03-01 21:52:34,410,Wiener Platz / Hauptbahnhof,350,321,"01.03.25, 22:51"
2025-03-01 21:52:35,405,Wöhrl / Florentinum,264,103,"01.03.25, 22:51"
2025-03-01 21:52:37,406,SachsenEnergie Center,200,198,"01.03.25, 22:51"
2025-03-01 21:52:38,453,Strehlener Straße,235,233,"01.03.25, 22:51"
2025-03-01 21:52:39,443,Blüherstraße,130,N/A,N/A
2025-03-01 21:52:40,413,Lindengasse,N/A,N/A,N/A
2025-03-01 21:52:41,444,Lingnerallee,350,N/A,N/A
2025-03-01 21:52:43,445,Pirnaische Straße,500,N/A,N/A
2025-03-01 21:52:44,412,Pirnaischer Platz,110,35,"01.03.25, 22:52"
2025-03-01 21:52:46,452,SP1 Straßburger Platz,291,158,"01.03.25, 22:52"
2025-03-01 21:52:47,447,Bahnhof Neustadt,40,N/A,N/A
2025-03-01 21:52:48,448,Palaisplatz,100,N/A,N/A
2025-03-01 21:52:49,420,Sarrasanistraße,55,20,"01.03.25, 22:52"
2025-03-01 21:52:51,418,Theresienstraße,140,61,"01.03.25, 22:52"
2025-03-01 21:52:53,417,Wiesentorstraße,120,56,"01.03.25, 22:52"
2025-03-01 21:52:54,449,Wigardstraße,180,N/A,N/A
2025-03-01 21:52:55,465,Fidelio-F.-Finke-Straße,105,72,"01.03.25, 22:52"
2025-03-01 21:52:56,424,MESSE DRESDEN Parkplatz P7,N/A,N/A,N/A
2025-03-01 21:52:58,437,Cossebaude,32,28,"01.03.25, 22:52"
2025-03-01 21:52:59,441,Gompitz,46,N/A,N/A
2025-03-01 21:53:00,459,Grenzstraße,38,23,"01.03.25, 22:52"
2025-03-01 21:53:01,427,Kaditz,190,160,"01.03.25, 22:52"
2025-03-01 21:53:02,433,Klotzsche,36,10,"01.03.25, 22:52"
2025-03-01 21:53:04,439,Langebrück,50,37,"01.03.25, 22:52"
2025-03-01 21:53:05,436,Pennrich,50,46,"01.03.25, 22:52"
2025-03-01 21:53:06,426,Prohlis,56,49,"01.03.25, 22:52"
2025-03-01 21:53:07,434,Reick,19,19,"01.03.25, 22:52"
2025-03-01 21:53:09,460,Weißig,33,N/A,N/A
2025-03-01 21:53:10,466,Weixdorf Bad,24,N/A,N/A
2025-03-01 21:53:11,450,Ammonstraße Bus,45,N/A,N/A
2025-03-01 21:53:12,454,Pieschener Allee Bus,130,118,"01.03.25, 22:52"
2025-03-01 22:18:38,431,Altmarkt,400,386,"01.03.25, 23:17"
2025-03-01 22:18:39,403,An der Frauenkirche,120,106,"01.03.25, 23:17"
2025-03-01 22:18:41,422,Frauenkirche / Neumarkt,250,150,"01.03.25, 23:17"
2025-03-01 22:18:42,402,Haus am Zwinger,171,0,"01.03.25, 23:18"
2025-03-01 22:18:44,442,Ostra-Allee,90,N/A,N/A
2025-03-01 22:18:45,411,Schießgasse,202,77,"01.03.25, 23:18"
2025-03-01 22:18:47,408,Semperoper,400,144,"01.03.25, 23:18"
2025-03-01 22:18:48,401,Taschenbergpalais,98,73,"01.03.25, 23:18"
2025-03-01 22:18:50,455,Freiberger Platz,110,N/A,N/A
2025-03-01 22:18:51,421,Kongresszentrum,250,84,"01.03.25, 23:18"
2025-03-01 22:18:52,456,Kraftwerk Mitte,0,0,"01.03.25, 23:18"
2025-03-01 22:18:54,464,Ostra-Ufer,141,138,"01.03.25, 23:18"
2025-03-01 22:18:55,429,Parkhaus Mitte,280,297,"01.03.25, 23:18"
2025-03-01 22:18:57,407,World Trade Center,220,195,"01.03.25, 23:18"
2025-03-01 22:18:58,409,Altmarkt - Galerie,N/A,N/A,N/A
2025-03-01 22:19:00,461,Budapester Straße,127,46,"01.03.25, 23:18"
2025-03-01 22:19:01,438,Centrum - Galerie,1059,938,"01.03.25, 23:18"
2025-03-01 22:19:02,419,Ferdinandplatz,170,89,"01.03.25, 23:18"
2025-03-01 22:19:04,404,GALERIA Karstadt Kaufhof,N/A,N/A,N/A
2025-03-01 22:19:05,415,Reitbahnstraße,285,98,"01.03.25, 23:18"
2025-03-01 22:19:06,410,Wiener Platz / Hauptbahnhof,350,322,"01.03.25, 23:18"
2025-03-01 22:19:08,405,Wöhrl / Florentinum,264,103,"01.03.25, 23:18"
2025-03-01 22:19:09,406,SachsenEnergie Center,200,198,"01.03.25, 23:18"
2025-03-01 22:19:10,453,Strehlener Straße,235,233,"01.03.25, 23:18"
2025-03-01 22:19:12,443,Blüherstraße,130,N/A,N/A
2025-03-01 22:19:13,413,Lindengasse,N/A,N/A,N/A
2025-03-01 22:19:14,444,Lingnerallee,350,N/A,N/A
2025-03-01 22:19:16,445,Pirnaische Straße,500,N/A,N/A
2025-03-01 22:19:17,412,Pirnaischer Platz,110,36,"01.03.25, 23:18"
2025-03-01 22:19:18,452,SP1 Straßburger Platz,291,158,"01.03.25, 23:18"
2025-03-01 22:19:19,447,Bahnhof Neustadt,40,N/A,N/A
2025-03-01 22:19:21,448,Palaisplatz,100,N/A,N/A
2025-03-01 22:19:22,420,Sarrasanistraße,55,22,"01.03.25, 23:18"
2025-03-01 22:19:23,418,Theresienstraße,140,61,"01.03.25, 23:18"
2025-03-01 22:19:24,417,Wiesentorstraße,120,56,"01.03.25, 23:18"
2025-03-01 22:19:26,449,Wigardstraße,180,N/A,N/A
2025-03-01 22:19:27,465,Fidelio-F.-Finke-Straße,105,71,"01.03.25, 23:18"
2025-03-01 22:19:28,424,MESSE DRESDEN Parkplatz P7,N/A,N/A,N/A
2025-03-01 22:19:29,437,Cossebaude,32,28,"01.03.25, 23:18"
2025-03-01 22:19:30,441,Gompitz,46,N/A,N/A
2025-03-01 22:19:31,459,Grenzstraße,38,23,"01.03.25, 23:18"
2025-03-01 22:19:33,427,Kaditz,190,163,"01.03.25, 23:18"
2025-03-01 22:19:34,433,Klotzsche,36,10,"01.03.25, 23:18"
2025-03-01 22:19:35,439,Langebrück,50,38,"01.03.25, 23:18"
2025-03-01 22:19:37,436,Pennrich,50,47,"01.03.25, 23:18"
2025-03-01 22:19:38,426,Prohlis,56,49,"01.03.25, 23:18"
2025-03-01 22:19:39,434,Reick,19,19,"01.03.25, 23:18"
2025-03-01 22:19:40,460,Weißig,33,N/A,N/A
2025-03-01 22:19:41,466,Weixdorf Bad,24,N/A,N/A
2025-03-01 22:19:42,450,Ammonstraße Bus,45,N/A,N/A
2025-03-01 22:19:44,454,Pieschener Allee Bus,130,119,"01.03.25, 23:19"
2025-03-01 22:39:28,431,Altmarkt,400,391,"01.03.25, 23:38"
2025-03-01 22:39:29,403,An der Frauenkirche,120,108,"01.03.25, 23:38"
2025-03-01 22:39:31,422,Frauenkirche / Neumarkt,250,151,"01.03.25, 23:38"
2025-03-01 22:39:32,402,Haus am Zwinger,171,0,"01.03.25, 23:38"
2025-03-01 22:39:34,442,Ostra-Allee,90,N/A,N/A
2025-03-01 22:39:35,411,Schießgasse,202,87,"01.03.25, 23:38"
2025-03-01 22:39:37,408,Semperoper,400,144,"01.03.25, 23:38"
2025-03-01 22:39:38,401,Taschenbergpalais,98,73,"01.03.25, 23:38"
2025-03-01 22:39:39,455,Freiberger Platz,110,N/A,N/A
2025-03-01 22:39:41,421,Kongresszentrum,250,83,"01.03.25, 23:38"
2025-03-01 22:39:42,456,Kraftwerk Mitte,0,0,"01.03.25, 23:39"
2025-03-01 22:39:44,464,Ostra-Ufer,141,128,"01.03.25, 23:39"
2025-03-01 22:39:45,429,Parkhaus Mitte,280,295,"01.03.25, 23:39"
2025-03-01 22:39:46,407,World Trade Center,220,203,"01.03.25, 23:39"
2025-03-01 22:39:48,409,Altmarkt - Galerie,N/A,N/A,N/A
2025-03-01 22:39:49,461,Budapester Straße,127,45,"01.03.25, 23:39"
2025-03-01 22:39:50,438,Centrum - Galerie,1059,940,"01.03.25, 23:39"
2025-03-01 22:39:52,419,Ferdinandplatz,170,91,"01.03.25, 23:39"
2025-03-01 22:39:53,404,GALERIA Karstadt Kaufhof,N/A,N/A,N/A
2025-03-01 22:39:55,415,Reitbahnstraße,285,96,"01.03.25, 23:39"
2025-03-01 22:39:56,410,Wiener Platz / Hauptbahnhof,350,323,"01.03.25, 23:39"
2025-03-01 22:39:57,405,Wöhrl / Florentinum,264,105,"01.03.25, 23:39"
2025-03-01 22:39:59,406,SachsenEnergie Center,200,198,"01.03.25, 23:39"
2025-03-01 22:40:00,453,Strehlener Straße,235,233,"01.03.25, 23:39"
2025-03-01 22:40:02,443,Blüherstraße,130,N/A,N/A
2025-03-01 22:40:03,413,Lindengasse,N/A,N/A,N/A
2025-03-01 22:40:04,444,Lingnerallee,350,N/A,N/A
2025-03-01 22:40:05,445,Pirnaische Straße,500,N/A,N/A
2025-03-01 22:40:06,412,Pirnaischer Platz,110,41,"01.03.25, 23:39"
2025-03-01 22:40:08,452,SP1 Straßburger Platz,291,158,"01.03.25, 23:39"
2025-03-01 22:40:09,447,Bahnhof Neustadt,40,N/A,N/A
2025-03-01 22:40:10,448,Palaisplatz,100,N/A,N/A
2025-03-01 22:40:11,420,Sarrasanistraße,55,21,"01.03.25, 23:39"
2025-03-01 22:40:13,418,Theresienstraße,140,61,"01.03.25, 23:39"
2025-03-01 22:40:14,417,Wiesentorstraße,120,56,"01.03.25, 23:39"
2025-03-01 22:40:15,449,Wigardstraße,180,N/A,N/A
2025-03-01 22:40:17,465,Fidelio-F.-Finke-Straße,105,73,"01.03.25, 23:39"
2025-03-01 22:40:18,424,MESSE DRESDEN Parkplatz P7,N/A,N/A,N/A
2025-03-01 22:40:19,437,Cossebaude,32,28,"01.03.25, 23:39"
2025-03-01 22:40:21,441,Gompitz,46,N/A,N/A
2025-03-01 22:40:22,459,Grenzstraße,38,23,"01.03.25, 23:39"
2025-03-01 22:40:23,427,Kaditz,190,163,"01.03.25, 23:39"
2025-03-01 22:40:24,433,Klotzsche,36,10,"01.03.25, 23:39"
2025-03-01 22:40:25,439,Langebrück,50,39,"01.03.25, 23:39"
2025-03-01 22:40:27,436,Pennrich,50,47,"01.03.25, 23:39"
2025-03-01 22:40:28,426,Prohlis,56,49,"01.03.25, 23:39"
2025-03-01 22:40:29,434,Reick,19,19,"01.03.25, 23:39"
2025-03-01 22:40:30,460,Weißig,33,N/A,N/A
2025-03-01 22:40:32,466,Weixdorf Bad,24,N/A,N/A
2025-03-01 22:40:33,450,Ammonstraße Bus,45,N/A,N/A
2025-03-01 22:40:34,454,Pieschener Allee Bus,130,119,"01.03.25, 23:39"
2025-03-01 22:52:29,431,Altmarkt,400,391,"01.03.25, 23:51"
2025-03-01 22:52:31,403,An der Frauenkirche,120,108,"01.03.25, 23:51"
2025-03-01 22:52:32,422,Frauenkirche / Neumarkt,250,152,"01.03.25, 23:51"
2025-03-01 22:52:34,402,Haus am Zwinger,171,0,"01.03.25, 23:51"
2025-03-01 22:52:35,442,Ostra-Allee,90,N/A,N/A
2025-03-01 22:52:37,411,Schießgasse,202,89,"01.03.25, 23:51"
2025-03-01 22:52:38,408,Semperoper,400,55,"01.03.25, 23:51"
2025-03-01 22:52:40,401,Taschenbergpalais,98,75,"01.03.25, 23:51"
2025-03-01 22:52:41,455,Freiberger Platz,110,N/A,N/A
2025-03-01 22:52:43,421,Kongresszentrum,250,84,"01.03.25, 23:52"
2025-03-01 22:52:44,456,Kraftwerk Mitte,0,0,"01.03.25, 23:52"
2025-03-01 22:52:45,464,Ostra-Ufer,141,120,"01.03.25, 23:52"
2025-03-01 22:52:46,429,Parkhaus Mitte,280,295,"01.03.25, 23:52"
2025-03-01 22:52:48,407,World Trade Center,220,205,"01.03.25, 23:52"
2025-03-01 22:52:49,409,Altmarkt - Galerie,N/A,N/A,N/A
2025-03-01 22:52:50,461,Budapester Straße,127,45,"01.03.25, 23:52"
2025-03-01 22:52:52,438,Centrum - Galerie,1059,941,"01.03.25, 23:52"
2025-03-01 22:52:53,419,Ferdinandplatz,170,94,"01.03.25, 23:52"
2025-03-01 22:52:54,404,GALERIA Karstadt Kaufhof,N/A,N/A,N/A
2025-03-01 22:52:55,415,Reitbahnstraße,285,98,"01.03.25, 23:52"
2025-03-01 22:52:57,410,Wiener Platz / Hauptbahnhof,350,324,"01.03.25, 23:52"
2025-03-01 22:52:58,405,Wöhrl / Florentinum,264,105,"01.03.25, 23:52"
2025-03-01 22:52:59,406,SachsenEnergie Center,200,198,"01.03.25, 23:52"
2025-03-01 22:53:00,453,Strehlener Straße,235,233,"01.03.25, 23:52"
2025-03-01 22:53:02,443,Blüherstraße,130,N/A,N/A
2025-03-01 22:53:03,413,Lindengasse,N/A,N/A,N/A
2025-03-01 22:53:04,444,Lingnerallee,350,N/A,N/A
2025-03-01 22:53:05,445,Pirnaische Straße,500,N/A,N/A
2025-03-01 22:53:07,412,Pirnaischer Platz,110,43,"01.03.25, 23:52"
2025-03-01 22:53:08,452,SP1 Straßburger Platz,291,158,"01.03.25, 23:52"
2025-03-01 22:53:09,447,Bahnhof Neustadt,40,N/A,N/A
2025-03-01 22:53:10,448,Palaisplatz,100,N/A,N/A
2025-03-01 22:53:11,420,Sarrasanistraße,55,22,"01.03.25, 23:52"
2025-03-01 22:53:13,418,Theresienstraße,140,61,"01.03.25, 23:52"
2025-03-01 22:53:14,417,Wiesentorstraße,120,56,"01.03.25, 23:52"
2025-03-01 22:53:16,449,Wigardstraße,180,N/A,N/A
2025-03-01 22:53:17,465,Fidelio-F.-Finke-Straße,105,74,"01.03.25, 23:52"
2025-03-01 22:53:18,424,MESSE DRESDEN Parkplatz P7,N/A,N/A,N/A
2025-03-01 22:53:20,437,Cossebaude,32,28,"01.03.25, 23:52"
2025-03-01 22:53:21,441,Gompitz,46,N/A,N/A
2025-03-01 22:53:22,459,Grenzstraße,38,23,"01.03.25, 23:52"
2025-03-01 22:53:23,427,Kaditz,190,163,"01.03.25, 23:52"
2025-03-01 22:53:25,433,Klotzsche,36,10,"01.03.25, 23:52"
2025-03-01 22:53:26,439,Langebrück,50,39,"01.03.25, 23:52"
2025-03-01 22:53:27,436,Pennrich,50,47,"01.03.25, 23:52"
2025-03-01 22:53:28,426,Prohlis,56,50,"01.03.25, 23:52"
2025-03-01 22:53:30,434,Reick,19,19,"01.03.25, 23:52"
2025-03-01 22:53:31,460,Weißig,33,N/A,N/A
2025-03-01 22:53:32,466,Weixdorf Bad,24,N/A,N/A
2025-03-01 22:53:33,450,Ammonstraße Bus,45,N/A,N/A
2025-03-01 22:53:34,454,Pieschener Allee Bus,130,119,"01.03.25, 23:52"
2025-03-01 23:20:04,431,Altmarkt,400,394,"02.03.25, 00:19"
2025-03-01 23:20:05,403,An der Frauenkirche,120,109,"02.03.25, 00:19"
2025-03-01 23:20:07,422,Frauenkirche / Neumarkt,250,152,"02.03.25, 00:19"
2025-03-01 23:20:09,402,Haus am Zwinger,171,0,"02.03.25, 00:19"
2025-03-01 23:20:10,442,Ostra-Allee,90,N/A,N/A
2025-03-01 23:20:12,411,Schießgasse,202,90,"02.03.25, 00:19"
2025-03-01 23:20:14,408,Semperoper,400,54,"02.03.25, 00:19"
2025-03-01 23:20:15,401,Taschenbergpalais,98,76,"02.03.25, 00:19"
2025-03-01 23:20:16,455,Freiberger Platz,110,N/A,N/A
2025-03-01 23:20:18,421,Kongresszentrum,250,84,"02.03.25, 00:19"
2025-03-01 23:20:19,456,Kraftwerk Mitte,0,0,"02.03.25, 00:19"
2025-03-01 23:20:21,464,Ostra-Ufer,141,114,"02.03.25, 00:19"
2025-03-01 23:20:23,429,Parkhaus Mitte,280,294,"02.03.25, 00:19"
2025-03-01 23:20:24,407,World Trade Center,220,210,"02.03.25, 00:19"
2025-03-01 23:20:25,409,Altmarkt - Galerie,N/A,N/A,N/A
2025-03-01 23:20:27,461,Budapester Straße,127,45,"02.03.25, 00:19"
2025-03-01 23:20:28,438,Centrum - Galerie,1059,941,"02.03.25, 00:19"
2025-03-01 23:20:29,419,Ferdinandplatz,170,97,"02.03.25, 00:19"
2025-03-01 23:20:31,404,GALERIA Karstadt Kaufhof,N/A,N/A,N/A
2025-03-01 23:20:32,415,Reitbahnstraße,285,91,"02.03.25, 00:19"
2025-03-01 23:20:34,410,Wiener Platz / Hauptbahnhof,350,324,"02.03.25, 00:19"
2025-03-01 23:20:35,405,Wöhrl / Florentinum,264,103,"02.03.25, 00:19"
2025-03-01 23:20:36,406,SachsenEnergie Center,200,198,"02.03.25, 00:19"
2025-03-01 23:20:38,453,Strehlener Straße,235,233,"02.03.25, 00:19"
2025-03-01 23:20:39,443,Blüherstraße,130,N/A,N/A
2025-03-01 23:20:40,413,Lindengasse,N/A,N/A,N/A
2025-03-01 23:20:42,444,Lingnerallee,350,N/A,N/A
2025-03-01 23:20:43,445,Pirnaische Straße,500,N/A,N/A
2025-03-01 23:20:44,412,Pirnaischer Platz,110,47,"02.03.25, 00:20"
2025-03-01 23:20:46,452,SP1 Straßburger Platz,291,158,"02.03.25, 00:20"
2025-03-01 23:20:47,447,Bahnhof Neustadt,40,N/A,N/A
2025-03-01 23:20:48,448,Palaisplatz,100,N/A,N/A
2025-03-01 23:20:50,420,Sarrasanistraße,55,22,"02.03.25, 00:20"
2025-03-01 23:20:51,418,Theresienstraße,140,61,"02.03.25, 00:20"
2025-03-01 23:20:52,417,Wiesentorstraße,120,56,"02.03.25, 00:20"
2025-03-01 23:20:53,449,Wigardstraße,180,N/A,N/A
2025-03-01 23:20:55,465,Fidelio-F.-Finke-Straße,105,76,"02.03.25, 00:20"
2025-03-01 23:20:56,424,MESSE DRESDEN Parkplatz P7,N/A,N/A,N/A
2025-03-01 23:20:58,437,Cossebaude,32,28,"02.03.25, 00:20"
2025-03-01 23:20:59,441,Gompitz,46,N/A,N/A
2025-03-01 23:21:00,459,Grenzstraße,38,23,"02.03.25, 00:20"
2025-03-01 23:21:01,427,Kaditz,190,163,"02.03.25, 00:20"
2025-03-01 23:21:03,433,Klotzsche,36,10,"02.03.25, 00:20"
2025-03-01 23:21:04,439,Langebrück,50,39,"02.03.25, 00:20"
2025-03-01 23:21:05,436,Pennrich,50,47,"02.03.25, 00:20"
2025-03-01 23:21:07,426,Prohlis,56,51,"02.03.25, 00:20"
2025-03-01 23:21:08,434,Reick,19,19,"02.03.25, 00:20"
2025-03-01 23:21:09,460,Weißig,33,N/A,N/A
2025-03-01 23:21:11,466,Weixdorf Bad,24,N/A,N/A
2025-03-01 23:21:12,450,Ammonstraße Bus,45,N/A,N/A
2025-03-01 23:21:13,454,Pieschener Allee Bus,130,119,"02.03.25, 00:20"
2025-03-01 23:38:21,431,Altmarkt,400,397,"02.03.25, 00:37"
2025-03-01 23:38:23,403,An der Frauenkirche,120,110,"02.03.25, 00:37"
2025-03-01 23:38:25,422,Frauenkirche / Neumarkt,250,151,"02.03.25, 00:37"
2025-03-01 23:38:27,402,Haus am Zwinger,171,0,"02.03.25, 00:37"
2025-03-01 23:38:28,442,Ostra-Allee,90,N/A,N/A
2025-03-01 23:38:30,411,Schießgasse,202,91,"02.03.25, 00:37"
2025-03-01 23:38:31,408,Semperoper,400,54,"02.03.25, 00:37"
2025-03-01 23:38:32,401,Taschenbergpalais,98,76,"02.03.25, 00:37"
2025-03-01 23:38:34,455,Freiberger Platz,110,N/A,N/A
2025-03-01 23:38:35,421,Kongresszentrum,250,84,"02.03.25, 00:37"
2025-03-01 23:38:36,456,Kraftwerk Mitte,0,0,"02.03.25, 00:37"
2025-03-01 23:38:38,464,Ostra-Ufer,141,111,"02.03.25, 00:37"
2025-03-01 23:38:39,429,Parkhaus Mitte,280,294,"02.03.25, 00:37"
2025-03-01 23:38:41,407,World Trade Center,220,211,"02.03.25, 00:37"
2025-03-01 23:38:42,409,Altmarkt - Galerie,N/A,N/A,N/A
2025-03-01 23:38:44,461,Budapester Straße,127,45,"02.03.25, 00:38"
2025-03-01 23:38:46,438,Centrum - Galerie,1059,941,"02.03.25, 00:38"
2025-03-01 23:38:47,419,Ferdinandplatz,170,96,"02.03.25, 00:38"
2025-03-01 23:38:49,404,GALERIA Karstadt Kaufhof,N/A,N/A,N/A
2025-03-01 23:38:50,415,Reitbahnstraße,285,93,"02.03.25, 00:38"
2025-03-01 23:38:52,410,Wiener Platz / Hauptbahnhof,350,325,"02.03.25, 00:38"
2025-03-01 23:38:53,405,Wöhrl / Florentinum,264,103,"02.03.25, 00:38"
2025-03-01 23:38:54,406,SachsenEnergie Center,200,198,"02.03.25, 00:38"
2025-03-01 23:38:55,453,Strehlener Straße,235,233,"02.03.25, 00:38"
2025-03-01 23:38:57,443,Blüherstraße,130,N/A,N/A
2025-03-01 23:38:58,413,Lindengasse,N/A,N/A,N/A
2025-03-01 23:39:00,444,Lingnerallee,350,N/A,N/A
2025-03-01 23:39:01,445,Pirnaische Straße,500,N/A,N/A
2025-03-01 23:39:02,412,Pirnaischer Platz,110,50,"02.03.25, 00:38"
2025-03-01 23:39:04,452,SP1 Straßburger Platz,291,158,"02.03.25, 00:38"
2025-03-01 23:39:06,447,Bahnhof Neustadt,40,N/A,N/A
2025-03-01 23:39:07,448,Palaisplatz,100,N/A,N/A
2025-03-01 23:39:09,420,Sarrasanistraße,55,21,"02.03.25, 00:38"
2025-03-01 23:39:10,418,Theresienstraße,140,61,"02.03.25, 00:38"
2025-03-01 23:39:12,417,Wiesentorstraße,120,56,"02.03.25, 00:38"
2025-03-01 23:39:13,449,Wigardstraße,180,N/A,N/A
2025-03-01 23:39:14,465,Fidelio-F.-Finke-Straße,105,77,"02.03.25, 00:38"
2025-03-01 23:39:15,424,MESSE DRESDEN Parkplatz P7,N/A,N/A,N/A
2025-03-01 23:39:16,437,Cossebaude,32,28,"02.03.25, 00:38"
2025-03-01 23:39:18,441,Gompitz,46,N/A,N/A
2025-03-01 23:39:19,459,Grenzstraße,38,23,"02.03.25, 00:38"
2025-03-01 23:39:20,427,Kaditz,190,163,"02.03.25, 00:38"
2025-03-01 23:39:21,433,Klotzsche,36,10,"02.03.25, 00:38"
2025-03-01 23:39:23,439,Langebrück,50,39,"02.03.25, 00:38"
2025-03-01 23:39:24,436,Pennrich,50,48,"02.03.25, 00:38"
2025-03-01 23:39:26,426,Prohlis,56,52,"02.03.25, 00:38"
2025-03-01 23:39:27,434,Reick,19,19,"02.03.25, 00:38"
2025-03-01 23:39:28,460,Weißig,33,N/A,N/A
2025-03-01 23:39:30,466,Weixdorf Bad,24,N/A,N/A
2025-03-01 23:39:31,450,Ammonstraße Bus,45,N/A,N/A
2025-03-01 23:39:32,454,Pieschener Allee Bus,130,119,"02.03.25, 00:38"
2025-03-01 23:52:23,431,Altmarkt,400,399,"02.03.25, 00:51"
2025-03-01 23:52:24,403,An der Frauenkirche,120,110,"02.03.25, 00:51"
2025-03-01 23:52:26,422,Frauenkirche / Neumarkt,250,151,"02.03.25, 00:51"
2025-03-01 23:52:27,402,Haus am Zwinger,171,0,"02.03.25, 00:51"
2025-03-01 23:52:28,442,Ostra-Allee,90,N/A,N/A
2025-03-01 23:52:31,411,Schießgasse,202,93,"02.03.25, 00:51"
2025-03-01 23:52:32,408,Semperoper,400,54,"02.03.25, 00:51"
2025-03-01 23:52:34,401,Taschenbergpalais,98,77,"02.03.25, 00:51"
2025-03-01 23:52:35,455,Freiberger Platz,110,N/A,N/A
2025-03-01 23:52:37,421,Kongresszentrum,250,84,"02.03.25, 00:51"
2025-03-01 23:52:39,456,Kraftwerk Mitte,0,0,"02.03.25, 00:51"
2025-03-01 23:52:40,464,Ostra-Ufer,141,107,"02.03.25, 00:51"
2025-03-01 23:52:42,429,Parkhaus Mitte,280,294,"02.03.25, 00:52"
2025-03-01 23:52:43,407,World Trade Center,220,212,"02.03.25, 00:52"
2025-03-01 23:52:44,409,Altmarkt - Galerie,N/A,N/A,N/A
2025-03-01 23:52:46,461,Budapester Straße,127,45,"02.03.25, 00:52"
2025-03-01 23:52:47,438,Centrum - Galerie,1059,941,"02.03.25, 00:52"
2025-03-01 23:52:48,419,Ferdinandplatz,170,98,"02.03.25, 00:52"
2025-03-01 23:52:50,404,GALERIA Karstadt Kaufhof,N/A,N/A,N/A
2025-03-01 23:52:51,415,Reitbahnstraße,285,92,"02.03.25, 00:52"
2025-03-01 23:52:52,410,Wiener Platz / Hauptbahnhof,350,326,"02.03.25, 00:52"
2025-03-01 23:52:54,405,Wöhrl / Florentinum,264,103,"02.03.25, 00:52"
2025-03-01 23:52:55,406,SachsenEnergie Center,200,198,"02.03.25, 00:52"
2025-03-01 23:52:56,453,Strehlener Straße,235,233,"02.03.25, 00:52"
2025-03-01 23:52:58,443,Blüherstraße,130,N/A,N/A
2025-03-01 23:52:59,413,Lindengasse,N/A,N/A,N/A
2025-03-01 23:53:01,444,Lingnerallee,350,N/A,N/A
2025-03-01 23:53:02,445,Pirnaische Straße,500,N/A,N/A
2025-03-01 23:53:04,412,Pirnaischer Platz,110,52,"02.03.25, 00:52"
2025-03-01 23:53:05,452,SP1 Straßburger Platz,291,158,"02.03.25, 00:52"
2025-03-01 23:53:06,447,Bahnhof Neustadt,40,N/A,N/A
2025-03-01 23:53:08,448,Palaisplatz,100,N/A,N/A
2025-03-01 23:53:09,420,Sarrasanistraße,55,21,"02.03.25, 00:52"
2025-03-01 23:53:12,418,Theresienstraße,140,61,"02.03.25, 00:52"
2025-03-01 23:53:13,417,Wiesentorstraße,120,56,"02.03.25, 00:52"
2025-03-01 23:53:15,449,Wigardstraße,180,N/A,N/A
2025-03-01 23:53:17,465,Fidelio-F.-Finke-Straße,105,79,"02.03.25, 00:52"
2025-03-01 23:53:18,424,MESSE DRESDEN Parkplatz P7,N/A,N/A,N/A
2025-03-01 23:53:19,437,Cossebaude,32,28,"02.03.25, 00:52"
2025-03-01 23:53:20,441,Gompitz,46,N/A,N/A
2025-03-01 23:53:21,459,Grenzstraße,38,23,"02.03.25, 00:52"
2025-03-01 23:53:22,427,Kaditz,190,163,"02.03.25, 00:52"
2025-03-01 23:53:24,433,Klotzsche,36,10,"02.03.25, 00:52"
2025-03-01 23:53:25,439,Langebrück,50,39,"02.03.25, 00:52"
2025-03-01 23:53:26,436,Pennrich,50,48,"02.03.25, 00:52"
2025-03-01 23:53:27,426,Prohlis,56,51,"02.03.25, 00:52"
2025-03-01 23:53:28,434,Reick,19,18,"02.03.25, 00:52"
2025-03-01 23:53:30,460,Weißig,33,N/A,N/A
2025-03-01 23:53:31,466,Weixdorf Bad,24,N/A,N/A
2025-03-01 23:53:32,450,Ammonstraße Bus,45,N/A,N/A
2025-03-01 23:53:34,454,Pieschener Allee Bus,130,119,"02.03.25, 00:52"
2025-03-02 01:46:18,431,Altmarkt,400,401,"02.03.25, 02:45"
2025-03-02 01:46:20,403,An der Frauenkirche,120,112,"02.03.25, 02:45"
2025-03-02 01:46:22,422,Frauenkirche / Neumarkt,250,150,"02.03.25, 02:45"
2025-03-02 01:46:24,402,Haus am Zwinger,171,0,"02.03.25, 02:45"
2025-03-02 01:46:26,442,Ostra-Allee,90,N/A,N/A
2025-03-02 01:46:28,411,Schießgasse,202,102,"02.03.25, 02:45"
2025-03-02 01:46:29,408,Semperoper,400,55,"02.03.25, 02:45"
2025-03-02 01:46:31,401,Taschenbergpalais,98,77,"02.03.25, 02:45"
2025-03-02 01:46:32,455,Freiberger Platz,110,N/A,N/A
2025-03-02 01:46:33,421,Kongresszentrum,250,83,"02.03.25, 02:45"
2025-03-02 01:46:35,456,Kraftwerk Mitte,0,0,"02.03.25, 02:45"
2025-03-02 01:46:36,464,Ostra-Ufer,141,108,"02.03.25, 02:45"
2025-03-02 01:46:37,429,Parkhaus Mitte,280,291,"02.03.25, 02:45"
2025-03-02 01:46:39,407,World Trade Center,220,214,"02.03.25, 02:45"
2025-03-02 01:46:40,409,Altmarkt - Galerie,N/A,N/A,N/A
2025-03-02 01:46:41,461,Budapester Straße,127,44,"02.03.25, 02:46"
2025-03-02 01:46:42,438,Centrum - Galerie,1059,943,"02.03.25, 02:46"
2025-03-02 01:46:44,419,Ferdinandplatz,170,97,"02.03.25, 02:46"
2025-03-02 01:46:45,404,GALERIA Karstadt Kaufhof,N/A,N/A,N/A
2025-03-02 01:46:46,415,Reitbahnstraße,285,94,"02.03.25, 02:46"
2025-03-02 01:46:47,410,Wiener Platz / Hauptbahnhof,350,326,"02.03.25, 02:46"
2025-03-02 01:46:48,405,Wöhrl / Florentinum,N/A,N/A,N/A
2025-03-02 01:46:50,406,SachsenEnergie Center,200,198,"02.03.25, 02:46"
2025-03-02 01:46:51,453,Strehlener Straße,235,233,"02.03.25, 02:46"
2025-03-02 01:46:52,443,Blüherstraße,130,N/A,N/A
2025-03-02 01:46:53,413,Lindengasse,N/A,N/A,N/A
2025-03-02 01:46:55,444,Lingnerallee,350,N/A,N/A
2025-03-02 01:46:56,445,Pirnaische Straße,500,N/A,N/A
2025-03-02 01:46:57,412,Pirnaischer Platz,110,48,"02.03.25, 02:46"
2025-03-02 01:46:58,452,SP1 Straßburger Platz,291,158,"02.03.25, 02:46"
2025-03-02 01:47:00,447,Bahnhof Neustadt,40,N/A,N/A
2025-03-02 01:47:01,448,Palaisplatz,100,N/A,N/A
2025-03-02 01:47:02,420,Sarrasanistraße,55,22,"02.03.25, 02:46"
2025-03-02 01:47:03,418,Theresienstraße,140,61,"02.03.25, 02:46"
2025-03-02 01:47:05,417,Wiesentorstraße,120,56,"02.03.25, 02:46"
2025-03-02 01:47:06,449,Wigardstraße,180,N/A,N/A
2025-03-02 01:47:08,465,Fidelio-F.-Finke-Straße,105,82,"02.03.25, 02:46"
2025-03-02 01:47:09,424,MESSE DRESDEN Parkplatz P7,N/A,N/A,N/A
2025-03-02 01:47:10,437,Cossebaude,32,28,"02.03.25, 02:46"
2025-03-02 01:47:11,441,Gompitz,46,N/A,N/A
2025-03-02 01:47:12,459,Grenzstraße,38,23,"02.03.25, 02:46"
2025-03-02 01:47:14,427,Kaditz,190,164,"02.03.25, 02:46"
2025-03-02 01:47:15,433,Klotzsche,36,10,"02.03.25, 02:46"
2025-03-02 01:47:16,439,Langebrück,50,39,"02.03.25, 02:46"
2025-03-02 01:47:18,436,Pennrich,50,47,"02.03.25, 02:46"
2025-03-02 01:47:19,426,Prohlis,56,53,"02.03.25, 02:46"
2025-03-02 01:47:20,434,Reick,19,19,"02.03.25, 02:46"
2025-03-02 01:47:21,460,Weißig,33,N/A,N/A
2025-03-02 01:47:22,466,Weixdorf Bad,24,N/A,N/A
2025-03-02 01:47:24,450,Ammonstraße Bus,45,N/A,N/A
2025-03-02 01:47:25,454,Pieschener Allee Bus,130,118,"02.03.25, 02:46"
2025-03-02 02:57:14,431,Altmarkt,400,403,"02.03.25, 03:56"
2025-03-02 02:57:16,403,An der Frauenkirche,120,112,"02.03.25, 03:56"
2025-03-02 02:57:17,422,Frauenkirche / Neumarkt,250,150,"02.03.25, 03:56"
2025-03-02 02:57:19,402,Haus am Zwinger,171,0,"02.03.25, 03:56"
2025-03-02 02:57:20,442,Ostra-Allee,90,N/A,N/A
2025-03-02 02:57:22,411,Schießgasse,202,103,"02.03.25, 03:56"
2025-03-02 02:57:23,408,Semperoper,400,56,"02.03.25, 03:56"
2025-03-02 02:57:25,401,Taschenbergpalais,98,77,"02.03.25, 03:56"
2025-03-02 02:57:27,455,Freiberger Platz,110,N/A,N/A
2025-03-02 02:57:28,421,Kongresszentrum,250,83,"02.03.25, 03:56"
2025-03-02 02:57:29,456,Kraftwerk Mitte,0,0,"02.03.25, 03:56"
2025-03-02 02:57:31,464,Ostra-Ufer,141,129,"02.03.25, 03:56"
2025-03-02 02:57:32,429,Parkhaus Mitte,280,291,"02.03.25, 03:56"
2025-03-02 02:57:34,407,World Trade Center,220,214,"02.03.25, 03:56"
2025-03-02 02:57:35,409,Altmarkt - Galerie,N/A,N/A,N/A
2025-03-02 02:57:37,461,Budapester Straße,127,44,"02.03.25, 03:56"
2025-03-02 02:57:38,438,Centrum - Galerie,1059,943,"02.03.25, 03:56"
2025-03-02 02:57:40,419,Ferdinandplatz,170,95,"02.03.25, 03:57"
2025-03-02 02:57:41,404,GALERIA Karstadt Kaufhof,N/A,N/A,N/A
2025-03-02 02:57:42,415,Reitbahnstraße,285,92,"02.03.25, 03:57"
2025-03-02 02:57:44,410,Wiener Platz / Hauptbahnhof,350,326,"02.03.25, 03:57"
2025-03-02 02:57:45,405,Wöhrl / Florentinum,N/A,N/A,N/A
2025-03-02 02:57:46,406,SachsenEnergie Center,200,198,"02.03.25, 03:57"
2025-03-02 02:57:47,453,Strehlener Straße,235,233,"02.03.25, 03:57"
2025-03-02 02:57:49,443,Blüherstraße,130,N/A,N/A
2025-03-02 02:57:50,413,Lindengasse,N/A,N/A,N/A
2025-03-02 02:57:51,444,Lingnerallee,350,N/A,N/A
2025-03-02 02:57:52,445,Pirnaische Straße,500,N/A,N/A
2025-03-02 02:57:54,412,Pirnaischer Platz,110,49,"02.03.25, 03:57"
2025-03-02 02:57:55,452,SP1 Straßburger Platz,291,158,"02.03.25, 03:57"
2025-03-02 02:57:56,447,Bahnhof Neustadt,40,N/A,N/A
2025-03-02 02:57:58,448,Palaisplatz,100,N/A,N/A
2025-03-02 02:57:59,420,Sarrasanistraße,55,22,"02.03.25, 03:57"
2025-03-02 02:58:00,418,Theresienstraße,140,61,"02.03.25, 03:57"
2025-03-02 02:58:01,417,Wiesentorstraße,120,56,"02.03.25, 03:57"
2025-03-02 02:58:03,449,Wigardstraße,180,N/A,N/A
2025-03-02 02:58:04,465,Fidelio-F.-Finke-Straße,105,82,"02.03.25, 03:57"
2025-03-02 02:58:05,424,MESSE DRESDEN Parkplatz P7,N/A,N/A,N/A
2025-03-02 02:58:07,437,Cossebaude,32,28,"02.03.25, 03:57"
2025-03-02 02:58:08,441,Gompitz,46,N/A,N/A
2025-03-02 02:58:09,459,Grenzstraße,38,23,"02.03.25, 03:57"
2025-03-02 02:58:11,427,Kaditz,190,164,"02.03.25, 03:57"
2025-03-02 02:58:12,433,Klotzsche,36,10,"02.03.25, 03:57"
2025-03-02 02:58:14,439,Langebrück,50,39,"02.03.25, 03:57"
2025-03-02 02:58:15,436,Pennrich,50,48,"02.03.25, 03:57"
2025-03-02 02:58:16,426,Prohlis,56,53,"02.03.25, 03:57"
2025-03-02 02:58:18,434,Reick,19,19,"02.03.25, 03:57"
2025-03-02 02:58:19,460,Weißig,33,N/A,N/A
2025-03-02 02:58:20,466,Weixdorf Bad,24,N/A,N/A
2025-03-02 02:58:22,450,Ammonstraße Bus,45,N/A,N/A
2025-03-02 02:58:23,454,Pieschener Allee Bus,130,118,"02.03.25, 03:57"
2025-03-02 03:30:58,431,Altmarkt,400,404,"02.03.25, 04:30"
2025-03-02 03:31:00,403,An der Frauenkirche,120,112,"02.03.25, 04:30"
2025-03-02 03:31:01,422,Frauenkirche / Neumarkt,250,150,"02.03.25, 04:30"
2025-03-02 03:31:02,402,Haus am Zwinger,171,0,"02.03.25, 04:30"
2025-03-02 03:31:04,442,Ostra-Allee,90,N/A,N/A
2025-03-02 03:31:06,411,Schießgasse,202,104,"02.03.25, 04:30"
2025-03-02 03:31:08,408,Semperoper,400,56,"02.03.25, 04:30"
2025-03-02 03:31:10,401,Taschenbergpalais,98,77,"02.03.25, 04:30"
2025-03-02 03:31:12,455,Freiberger Platz,110,N/A,N/A
2025-03-02 03:31:13,421,Kongresszentrum,250,83,"02.03.25, 04:30"
2025-03-02 03:31:14,456,Kraftwerk Mitte,0,0,"02.03.25, 04:30"
2025-03-02 03:31:16,464,Ostra-Ufer,141,133,"02.03.25, 04:30"
2025-03-02 03:31:17,429,Parkhaus Mitte,280,291,"02.03.25, 04:30"
2025-03-02 03:31:18,407,World Trade Center,220,220,"02.03.25, 04:30"
2025-03-02 03:31:19,409,Altmarkt - Galerie,N/A,N/A,N/A
2025-03-02 03:31:21,461,Budapester Straße,127,47,"02.03.25, 04:30"
2025-03-02 03:31:22,438,Centrum - Galerie,1059,943,"02.03.25, 04:30"
2025-03-02 03:31:23,419,Ferdinandplatz,170,96,"02.03.25, 04:30"
2025-03-02 03:31:24,404,GALERIA Karstadt Kaufhof,N/A,N/A,N/A
2025-03-02 03:31:26,415,Reitbahnstraße,285,90,"02.03.25, 04:30"
2025-03-02 03:31:27,410,Wiener Platz / Hauptbahnhof,350,324,"02.03.25, 04:30"
2025-03-02 03:31:28,405,Wöhrl / Florentinum,N/A,N/A,N/A
2025-03-02 03:31:29,406,SachsenEnergie Center,200,198,"02.03.25, 04:30"
2025-03-02 03:31:31,453,Strehlener Straße,235,233,"02.03.25, 04:30"
2025-03-02 03:31:32,443,Blüherstraße,130,N/A,N/A
2025-03-02 03:31:33,413,Lindengasse,N/A,N/A,N/A
2025-03-02 03:31:34,444,Lingnerallee,350,N/A,N/A
2025-03-02 03:31:36,445,Pirnaische Straße,500,N/A,N/A
2025-03-02 03:31:37,412,Pirnaischer Platz,110,49,"02.03.25, 04:30"
2025-03-02 03:31:38,452,SP1 Straßburger Platz,291,158,"02.03.25, 04:30"
2025-03-02 03:31:40,447,Bahnhof Neustadt,40,N/A,N/A
2025-03-02 03:31:41,448,Palaisplatz,100,N/A,N/A
2025-03-02 03:31:42,420,Sarrasanistraße,55,22,"02.03.25, 04:31"
2025-03-02 03:31:43,418,Theresienstraße,140,61,"02.03.25, 04:31"
2025-03-02 03:31:45,417,Wiesentorstraße,120,56,"02.03.25, 04:31"
2025-03-02 03:31:46,449,Wigardstraße,180,N/A,N/A
2025-03-02 03:31:47,465,Fidelio-F.-Finke-Straße,105,82,"02.03.25, 04:31"
2025-03-02 03:31:48,424,MESSE DRESDEN Parkplatz P7,N/A,N/A,N/A
2025-03-02 03:31:49,437,Cossebaude,32,28,"02.03.25, 04:31"
2025-03-02 03:31:51,441,Gompitz,46,N/A,N/A
2025-03-02 03:31:52,459,Grenzstraße,38,23,"02.03.25, 04:31"
2025-03-02 03:31:53,427,Kaditz,190,151,"02.03.25, 04:31"
2025-03-02 03:31:54,433,Klotzsche,36,10,"02.03.25, 04:31"
2025-03-02 03:31:56,439,Langebrück,50,39,"02.03.25, 04:31"
2025-03-02 03:31:57,436,Pennrich,50,48,"02.03.25, 04:31"
2025-03-02 03:31:58,426,Prohlis,56,53,"02.03.25, 04:31"
2025-03-02 03:32:00,434,Reick,19,19,"02.03.25, 04:31"
2025-03-02 03:32:01,460,Weißig,33,N/A,N/A
2025-03-02 03:32:02,466,Weixdorf Bad,24,N/A,N/A
2025-03-02 03:32:03,450,Ammonstraße Bus,45,N/A,N/A
2025-03-02 03:32:05,454,Pieschener Allee Bus,130,118,"02.03.25, 04:31"
2025-03-02 03:52:04,431,Altmarkt,400,404,"02.03.25, 04:51"
2025-03-02 03:52:06,403,An der Frauenkirche,120,113,"02.03.25, 04:51"
2025-03-02 03:52:08,422,Frauenkirche / Neumarkt,250,150,"02.03.25, 04:51"
2025-03-02 03:52:10,402,Haus am Zwinger,171,0,"02.03.25, 04:51"
2025-03-02 03:52:11,442,Ostra-Allee,90,N/A,N/A
2025-03-02 03:52:13,411,Schießgasse,202,105,"02.03.25, 04:51"
2025-03-02 03:52:15,408,Semperoper,400,56,"02.03.25, 04:51"
2025-03-02 03:52:17,401,Taschenbergpalais,98,77,"02.03.25, 04:51"
2025-03-02 03:52:19,455,Freiberger Platz,110,N/A,N/A
2025-03-02 03:52:21,421,Kongresszentrum,250,82,"02.03.25, 04:51"
2025-03-02 03:52:22,456,Kraftwerk Mitte,0,0,"02.03.25, 04:51"
2025-03-02 03:52:24,464,Ostra-Ufer,141,133,"02.03.25, 04:51"
2025-03-02 03:52:25,429,Parkhaus Mitte,280,290,"02.03.25, 04:51"
2025-03-02 03:52:26,407,World Trade Center,220,220,"02.03.25, 04:51"
2025-03-02 03:52:28,409,Altmarkt - Galerie,N/A,N/A,N/A
2025-03-02 03:52:29,461,Budapester Straße,127,47,"02.03.25, 04:51"
2025-03-02 03:52:31,438,Centrum - Galerie,1059,944,"02.03.25, 04:51"
2025-03-02 03:52:33,419,Ferdinandplatz,170,97,"02.03.25, 04:51"
2025-03-02 03:52:34,404,GALERIA Karstadt Kaufhof,N/A,N/A,N/A
2025-03-02 03:52:36,415,Reitbahnstraße,285,89,"02.03.25, 04:51"
2025-03-02 03:52:38,410,Wiener Platz / Hauptbahnhof,350,321,"02.03.25, 04:51"
2025-03-02 03:52:39,405,Wöhrl / Florentinum,N/A,N/A,N/A
2025-03-02 03:52:40,406,SachsenEnergie Center,200,198,"02.03.25, 04:52"
2025-03-02 03:52:42,453,Strehlener Straße,235,233,"02.03.25, 04:52"
2025-03-02 03:52:43,443,Blüherstraße,130,N/A,N/A
2025-03-02 03:52:45,413,Lindengasse,N/A,N/A,N/A
2025-03-02 03:52:46,444,Lingnerallee,350,N/A,N/A
2025-03-02 03:52:48,445,Pirnaische Straße,500,N/A,N/A
2025-03-02 03:52:49,412,Pirnaischer Platz,110,49,"02.03.25, 04:52"
2025-03-02 03:52:51,452,SP1 Straßburger Platz,291,158,"02.03.25, 04:52"
2025-03-02 03:52:52,447,Bahnhof Neustadt,40,N/A,N/A
2025-03-02 03:52:54,448,Palaisplatz,100,N/A,N/A
2025-03-02 03:52:55,420,Sarrasanistraße,55,22,"02.03.25, 04:52"
2025-03-02 03:52:56,418,Theresienstraße,140,61,"02.03.25, 04:52"
2025-03-02 03:52:58,417,Wiesentorstraße,120,56,"02.03.25, 04:52"
2025-03-02 03:52:59,449,Wigardstraße,180,N/A,N/A
2025-03-02 03:53:01,465,Fidelio-F.-Finke-Straße,105,82,"02.03.25, 04:52"
2025-03-02 03:53:02,424,MESSE DRESDEN Parkplatz P7,N/A,N/A,N/A
2025-03-02 03:53:03,437,Cossebaude,32,30,"02.03.25, 04:52"
2025-03-02 03:53:05,441,Gompitz,46,N/A,N/A
2025-03-02 03:53:06,459,Grenzstraße,38,23,"02.03.25, 04:52"
2025-03-02 03:53:08,427,Kaditz,190,114,"02.03.25, 04:52"
2025-03-02 03:53:09,433,Klotzsche,36,10,"02.03.25, 04:52"
2025-03-02 03:53:11,439,Langebrück,50,39,"02.03.25, 04:52"
2025-03-02 03:53:12,436,Pennrich,50,48,"02.03.25, 04:52"
2025-03-02 03:53:13,426,Prohlis,56,53,"02.03.25, 04:52"
2025-03-02 03:53:15,434,Reick,19,19,"02.03.25, 04:52"
2025-03-02 03:53:16,460,Weißig,33,N/A,N/A
2025-03-02 03:53:18,466,Weixdorf Bad,24,N/A,N/A
2025-03-02 03:53:19,450,Ammonstraße Bus,45,N/A,N/A
2025-03-02 03:53:20,454,Pieschener Allee Bus,130,118,"02.03.25, 04:52"
2025-03-02 04:23:32,431,Altmarkt,400,405,"02.03.25, 05:22"
2025-03-02 04:23:34,403,An der Frauenkirche,120,113,"02.03.25, 05:22"
2025-03-02 04:23:35,422,Frauenkirche / Neumarkt,250,149,"02.03.25, 05:22"
2025-03-02 04:23:37,402,Haus am Zwinger,171,0,"02.03.25, 05:22"
2025-03-02 04:23:38,442,Ostra-Allee,90,N/A,N/A
2025-03-02 04:23:40,411,Schießgasse,202,100,"02.03.25, 05:23"
2025-03-02 04:23:41,408,Semperoper,400,56,"02.03.25, 05:23"
2025-03-02 04:23:43,401,Taschenbergpalais,98,77,"02.03.25, 05:23"
2025-03-02 04:23:45,455,Freiberger Platz,110,N/A,N/A
2025-03-02 04:23:46,421,Kongresszentrum,250,82,"02.03.25, 05:23"
2025-03-02 04:23:47,456,Kraftwerk Mitte,0,0,"02.03.25, 05:23"
2025-03-02 04:23:48,464,Ostra-Ufer,141,133,"02.03.25, 05:23"
2025-03-02 04:23:50,429,Parkhaus Mitte,280,290,"02.03.25, 05:23"
2025-03-02 04:23:51,407,World Trade Center,220,219,"02.03.25, 05:23"
2025-03-02 04:23:53,409,Altmarkt - Galerie,N/A,N/A,N/A
2025-03-02 04:23:55,461,Budapester Straße,127,47,"02.03.25, 05:23"
2025-03-02 04:23:56,438,Centrum - Galerie,1059,944,"02.03.25, 05:23"
2025-03-02 04:23:57,419,Ferdinandplatz,170,98,"02.03.25, 05:23"
2025-03-02 04:23:58,404,GALERIA Karstadt Kaufhof,N/A,N/A,N/A
2025-03-02 04:24:00,415,Reitbahnstraße,285,87,"02.03.25, 05:23"
2025-03-02 04:24:01,410,Wiener Platz / Hauptbahnhof,350,320,"02.03.25, 05:23"
2025-03-02 04:24:02,405,Wöhrl / Florentinum,N/A,N/A,N/A
2025-03-02 04:24:03,406,SachsenEnergie Center,200,198,"02.03.25, 05:23"
2025-03-02 04:24:04,453,Strehlener Straße,235,233,"02.03.25, 05:23"
2025-03-02 04:24:06,443,Blüherstraße,130,N/A,N/A
2025-03-02 04:24:07,413,Lindengasse,N/A,N/A,N/A
2025-03-02 04:24:08,444,Lingnerallee,350,N/A,N/A
2025-03-02 04:24:09,445,Pirnaische Straße,500,N/A,N/A
2025-03-02 04:24:11,412,Pirnaischer Platz,110,49,"02.03.25, 05:23"
2025-03-02 04:24:12,452,SP1 Straßburger Platz,291,158,"02.03.25, 05:23"
2025-03-02 04:24:13,447,Bahnhof Neustadt,40,N/A,N/A
2025-03-02 04:24:14,448,Palaisplatz,100,N/A,N/A
2025-03-02 04:24:16,420,Sarrasanistraße,55,22,"02.03.25, 05:23"
2025-03-02 04:24:17,418,Theresienstraße,140,61,"02.03.25, 05:23"
2025-03-02 04:24:18,417,Wiesentorstraße,120,56,"02.03.25, 05:23"
2025-03-02 04:24:19,449,Wigardstraße,180,N/A,N/A
2025-03-02 04:24:21,465,Fidelio-F.-Finke-Straße,105,82,"02.03.25, 05:23"
2025-03-02 04:24:22,424,MESSE DRESDEN Parkplatz P7,N/A,N/A,N/A
2025-03-02 04:24:23,437,Cossebaude,32,30,"02.03.25, 05:23"
2025-03-02 04:24:24,441,Gompitz,46,N/A,N/A
2025-03-02 04:24:25,459,Grenzstraße,38,23,"02.03.25, 05:23"
2025-03-02 04:24:27,427,Kaditz,190,98,"02.03.25, 05:23"
2025-03-02 04:24:28,433,Klotzsche,36,10,"02.03.25, 05:23"
2025-03-02 04:24:29,439,Langebrück,50,39,"02.03.25, 05:23"
2025-03-02 04:24:30,436,Pennrich,50,48,"02.03.25, 05:23"
2025-03-02 04:24:32,426,Prohlis,56,53,"02.03.25, 05:23"
2025-03-02 04:24:33,434,Reick,19,19,"02.03.25, 05:23"
2025-03-02 04:24:34,460,Weißig,33,N/A,N/A
2025-03-02 04:24:35,466,Weixdorf Bad,24,N/A,N/A
2025-03-02 04:24:37,450,Ammonstraße Bus,45,N/A,N/A
2025-03-02 04:24:38,454,Pieschener Allee Bus,130,118,"02.03.25, 05:24"
2025-03-02 04:41:08,431,Altmarkt,400,405,"02.03.25, 05:40"
2025-03-02 04:41:10,403,An der Frauenkirche,120,113,"02.03.25, 05:40"
2025-03-02 04:41:11,422,Frauenkirche / Neumarkt,250,148,"02.03.25, 05:40"
2025-03-02 04:41:13,402,Haus am Zwinger,171,0,"02.03.25, 05:40"
2025-03-02 04:41:15,442,Ostra-Allee,90,N/A,N/A
2025-03-02 04:41:16,411,Schießgasse,202,91,"02.03.25, 05:40"
2025-03-02 04:41:18,408,Semperoper,400,56,"02.03.25, 05:40"
2025-03-02 04:41:20,401,Taschenbergpalais,98,77,"02.03.25, 05:40"
2025-03-02 04:41:21,455,Freiberger Platz,110,N/A,N/A
2025-03-02 04:41:23,421,Kongresszentrum,250,82,"02.03.25, 05:40"
2025-03-02 04:41:25,456,Kraftwerk Mitte,0,0,"02.03.25, 05:40"
2025-03-02 04:41:26,464,Ostra-Ufer,141,133,"02.03.25, 05:40"
2025-03-02 04:41:27,429,Parkhaus Mitte,280,290,"02.03.25, 05:40"
2025-03-02 04:41:28,407,World Trade Center,220,219,"02.03.25, 05:40"
2025-03-02 04:41:30,409,Altmarkt - Galerie,N/A,N/A,N/A
2025-03-02 04:41:31,461,Budapester Straße,127,47,"02.03.25, 05:40"
2025-03-02 04:41:33,438,Centrum - Galerie,1059,943,"02.03.25, 05:40"
2025-03-02 04:41:34,419,Ferdinandplatz,170,98,"02.03.25, 05:40"
2025-03-02 04:41:36,404,GALERIA Karstadt Kaufhof,N/A,N/A,N/A
2025-03-02 04:41:37,415,Reitbahnstraße,285,86,"02.03.25, 05:41"
2025-03-02 04:41:38,410,Wiener Platz / Hauptbahnhof,350,319,"02.03.25, 05:41"
2025-03-02 04:41:40,405,Wöhrl / Florentinum,N/A,N/A,N/A
2025-03-02 04:41:42,406,SachsenEnergie Center,200,198,"02.03.25, 05:41"
2025-03-02 04:41:43,453,Strehlener Straße,235,233,"02.03.25, 05:41"
2025-03-02 04:41:44,443,Blüherstraße,130,N/A,N/A
2025-03-02 04:41:46,413,Lindengasse,N/A,N/A,N/A
2025-03-02 04:41:47,444,Lingnerallee,350,N/A,N/A
2025-03-02 04:41:48,445,Pirnaische Straße,500,N/A,N/A
2025-03-02 04:41:49,412,Pirnaischer Platz,110,49,"02.03.25, 05:41"
2025-03-02 04:41:51,452,SP1 Straßburger Platz,291,158,"02.03.25, 05:41"
2025-03-02 04:41:52,447,Bahnhof Neustadt,40,N/A,N/A
2025-03-02 04:41:53,448,Palaisplatz,100,N/A,N/A
2025-03-02 04:41:54,420,Sarrasanistraße,55,22,"02.03.25, 05:41"
2025-03-02 04:41:55,418,Theresienstraße,140,61,"02.03.25, 05:41"
2025-03-02 04:41:57,417,Wiesentorstraße,120,56,"02.03.25, 05:41"
2025-03-02 04:41:58,449,Wigardstraße,180,N/A,N/A
2025-03-02 04:42:00,465,Fidelio-F.-Finke-Straße,105,82,"02.03.25, 05:41"
2025-03-02 04:42:01,424,MESSE DRESDEN Parkplatz P7,N/A,N/A,N/A
2025-03-02 04:42:03,437,Cossebaude,32,30,"02.03.25, 05:41"
2025-03-02 04:42:04,441,Gompitz,46,N/A,N/A
2025-03-02 04:42:05,459,Grenzstraße,38,23,"02.03.25, 05:41"
2025-03-02 04:42:06,427,Kaditz,190,98,"02.03.25, 05:41"
2025-03-02 04:42:07,433,Klotzsche,36,10,"02.03.25, 05:41"
2025-03-02 04:42:09,439,Langebrück,50,39,"02.03.25, 05:41"
2025-03-02 04:42:10,436,Pennrich,50,48,"02.03.25, 05:41"
2025-03-02 04:42:11,426,Prohlis,56,53,"02.03.25, 05:41"
2025-03-02 04:42:12,434,Reick,19,19,"02.03.25, 05:41"
2025-03-02 04:42:13,460,Weißig,33,N/A,N/A
2025-03-02 04:42:15,466,Weixdorf Bad,24,N/A,N/A
2025-03-02 04:42:16,450,Ammonstraße Bus,45,N/A,N/A
2025-03-02 04:42:18,454,Pieschener Allee Bus,130,118,"02.03.25, 05:41"
2025-03-02 04:53:16,431,Altmarkt,400,405,"02.03.25, 05:52"
2025-03-02 04:53:17,403,An der Frauenkirche,120,113,"02.03.25, 05:52"
2025-03-02 04:53:19,422,Frauenkirche / Neumarkt,250,148,"02.03.25, 05:52"
2025-03-02 04:53:21,402,Haus am Zwinger,171,0,"02.03.25, 05:52"
2025-03-02 04:53:22,442,Ostra-Allee,90,N/A,N/A
2025-03-02 04:53:24,411,Schießgasse,202,89,"02.03.25, 05:52"
2025-03-02 04:53:25,408,Semperoper,400,56,"02.03.25, 05:52"
2025-03-02 04:53:26,401,Taschenbergpalais,98,77,"02.03.25, 05:52"
2025-03-02 04:53:28,455,Freiberger Platz,110,N/A,N/A
2025-03-02 04:53:29,421,Kongresszentrum,250,81,"02.03.25, 05:52"
2025-03-02 04:53:31,456,Kraftwerk Mitte,0,0,"02.03.25, 05:52"
2025-03-02 04:53:33,464,Ostra-Ufer,141,133,"02.03.25, 05:52"
2025-03-02 04:53:35,429,Parkhaus Mitte,280,290,"02.03.25, 05:52"
2025-03-02 04:53:37,407,World Trade Center,220,218,"02.03.25, 05:53"
2025-03-02 04:53:38,409,Altmarkt - Galerie,N/A,N/A,N/A
2025-03-02 04:53:39,461,Budapester Straße,127,47,"02.03.25, 05:53"
2025-03-02 04:53:41,438,Centrum - Galerie,1059,943,"02.03.25, 05:53"
2025-03-02 04:53:43,419,Ferdinandplatz,170,97,"02.03.25, 05:53"
2025-03-02 04:53:44,404,GALERIA Karstadt Kaufhof,N/A,N/A,N/A
2025-03-02 04:53:46,415,Reitbahnstraße,285,85,"02.03.25, 05:53"
2025-03-02 04:53:47,410,Wiener Platz / Hauptbahnhof,350,315,"02.03.25, 05:53"
2025-03-02 04:53:48,405,Wöhrl / Florentinum,N/A,N/A,N/A
2025-03-02 04:53:50,406,SachsenEnergie Center,200,198,"02.03.25, 05:53"
2025-03-02 04:53:51,453,Strehlener Straße,235,233,"02.03.25, 05:53"
2025-03-02 04:53:53,443,Blüherstraße,130,N/A,N/A
2025-03-02 04:53:54,413,Lindengasse,N/A,N/A,N/A
2025-03-02 04:53:55,444,Lingnerallee,350,N/A,N/A
2025-03-02 04:53:56,445,Pirnaische Straße,500,N/A,N/A
2025-03-02 04:53:57,412,Pirnaischer Platz,110,49,"02.03.25, 05:53"
2025-03-02 04:53:59,452,SP1 Straßburger Platz,291,158,"02.03.25, 05:53"
2025-03-02 04:54:00,447,Bahnhof Neustadt,40,N/A,N/A
2025-03-02 04:54:01,448,Palaisplatz,100,N/A,N/A
2025-03-02 04:54:03,420,Sarrasanistraße,55,22,"02.03.25, 05:53"
2025-03-02 04:54:04,418,Theresienstraße,140,61,"02.03.25, 05:53"
2025-03-02 04:54:06,417,Wiesentorstraße,120,56,"02.03.25, 05:53"
2025-03-02 04:54:07,449,Wigardstraße,180,N/A,N/A
2025-03-02 04:54:09,465,Fidelio-F.-Finke-Straße,105,81,"02.03.25, 05:53"
2025-03-02 04:54:10,424,MESSE DRESDEN Parkplatz P7,N/A,N/A,N/A
2025-03-02 04:54:11,437,Cossebaude,32,30,"02.03.25, 05:53"
2025-03-02 04:54:12,441,Gompitz,46,N/A,N/A
2025-03-02 04:54:13,459,Grenzstraße,38,23,"02.03.25, 05:53"
2025-03-02 04:54:15,427,Kaditz,190,98,"02.03.25, 05:53"
2025-03-02 04:54:16,433,Klotzsche,36,10,"02.03.25, 05:53"
2025-03-02 04:54:18,439,Langebrück,50,39,"02.03.25, 05:53"
2025-03-02 04:54:19,436,Pennrich,50,48,"02.03.25, 05:53"
2025-03-02 04:54:20,426,Prohlis,56,53,"02.03.25, 05:53"
2025-03-02 04:54:21,434,Reick,19,19,"02.03.25, 05:53"
2025-03-02 04:54:22,460,Weißig,33,N/A,N/A
2025-03-02 04:54:24,466,Weixdorf Bad,24,N/A,N/A
2025-03-02 04:54:25,450,Ammonstraße Bus,45,N/A,N/A
2025-03-02 04:54:26,454,Pieschener Allee Bus,130,118,"02.03.25, 05:53"
2025-03-02 05:21:17,431,Altmarkt,400,404,"02.03.25, 06:20"
2025-03-02 05:21:19,403,An der Frauenkirche,120,113,"02.03.25, 06:20"
2025-03-02 05:21:20,422,Frauenkirche / Neumarkt,250,148,"02.03.25, 06:20"
2025-03-02 05:21:22,402,Haus am Zwinger,171,0,"02.03.25, 06:20"
2025-03-02 05:21:23,442,Ostra-Allee,90,N/A,N/A
2025-03-02 05:21:25,411,Schießgasse,202,89,"02.03.25, 06:20"
2025-03-02 05:21:26,408,Semperoper,400,56,"02.03.25, 06:20"
2025-03-02 05:21:27,401,Taschenbergpalais,98,77,"02.03.25, 06:20"
2025-03-02 05:21:29,455,Freiberger Platz,110,N/A,N/A
2025-03-02 05:21:30,421,Kongresszentrum,250,81,"02.03.25, 06:20"
2025-03-02 05:21:32,456,Kraftwerk Mitte,0,0,"02.03.25, 06:20"
2025-03-02 05:21:33,464,Ostra-Ufer,141,133,"02.03.25, 06:20"
2025-03-02 05:21:35,429,Parkhaus Mitte,280,289,"02.03.25, 06:20"
2025-03-02 05:21:36,407,World Trade Center,220,220,"02.03.25, 06:21"
2025-03-02 05:21:38,409,Altmarkt - Galerie,N/A,N/A,N/A
2025-03-02 05:21:39,461,Budapester Straße,127,47,"02.03.25, 06:21"
2025-03-02 05:21:41,438,Centrum - Galerie,1059,943,"02.03.25, 06:21"
2025-03-02 05:21:42,419,Ferdinandplatz,170,97,"02.03.25, 06:21"
2025-03-02 05:21:43,404,GALERIA Karstadt Kaufhof,N/A,N/A,N/A
2025-03-02 05:21:45,415,Reitbahnstraße,285,87,"02.03.25, 06:21"
2025-03-02 05:21:46,410,Wiener Platz / Hauptbahnhof,350,315,"02.03.25, 06:21"
2025-03-02 05:21:47,405,Wöhrl / Florentinum,N/A,N/A,N/A
2025-03-02 05:21:49,406,SachsenEnergie Center,200,198,"02.03.25, 06:21"
2025-03-02 05:21:50,453,Strehlener Straße,235,233,"02.03.25, 06:21"
2025-03-02 05:21:51,443,Blüherstraße,130,N/A,N/A
2025-03-02 05:21:53,413,Lindengasse,N/A,N/A,N/A
2025-03-02 05:21:54,444,Lingnerallee,350,N/A,N/A
2025-03-02 05:21:55,445,Pirnaische Straße,500,N/A,N/A
2025-03-02 05:21:57,412,Pirnaischer Platz,110,49,"02.03.25, 06:21"
2025-03-02 05:21:58,452,SP1 Straßburger Platz,291,158,"02.03.25, 06:21"
2025-03-02 05:21:59,447,Bahnhof Neustadt,40,N/A,N/A
2025-03-02 05:22:01,448,Palaisplatz,100,N/A,N/A
2025-03-02 05:22:02,420,Sarrasanistraße,55,22,"02.03.25, 06:21"
2025-03-02 05:22:04,418,Theresienstraße,140,61,"02.03.25, 06:21"
2025-03-02 05:22:05,417,Wiesentorstraße,120,56,"02.03.25, 06:21"
2025-03-02 05:22:06,449,Wigardstraße,180,N/A,N/A
2025-03-02 05:22:08,465,Fidelio-F.-Finke-Straße,105,81,"02.03.25, 06:21"
2025-03-02 05:22:09,424,MESSE DRESDEN Parkplatz P7,N/A,N/A,N/A
2025-03-02 05:22:10,437,Cossebaude,32,30,"02.03.25, 06:21"
2025-03-02 05:22:12,441,Gompitz,46,N/A,N/A
2025-03-02 05:22:13,459,Grenzstraße,38,23,"02.03.25, 06:21"
2025-03-02 05:22:15,427,Kaditz,190,165,"02.03.25, 06:21"
2025-03-02 05:22:16,433,Klotzsche,36,10,"02.03.25, 06:21"
2025-03-02 05:22:17,439,Langebrück,50,39,"02.03.25, 06:21"
2025-03-02 05:22:19,436,Pennrich,50,48,"02.03.25, 06:21"
2025-03-02 05:22:20,426,Prohlis,56,52,"02.03.25, 06:21"
2025-03-02 05:22:21,434,Reick,19,19,"02.03.25, 06:21"
2025-03-02 05:22:23,460,Weißig,33,N/A,N/A
2025-03-02 05:22:24,466,Weixdorf Bad,24,N/A,N/A
2025-03-02 05:22:26,450,Ammonstraße Bus,45,N/A,N/A
2025-03-02 05:22:27,454,Pieschener Allee Bus,130,118,"02.03.25, 06:21"
2025-03-02 05:40:48,431,Altmarkt,400,403,"02.03.25, 06:40"
2025-03-02 05:40:50,403,An der Frauenkirche,120,113,"02.03.25, 06:40"
2025-03-02 05:40:52,422,Frauenkirche / Neumarkt,250,148,"02.03.25, 06:40"
2025-03-02 05:40:54,402,Haus am Zwinger,171,0,"02.03.25, 06:40"
2025-03-02 05:40:55,442,Ostra-Allee,90,N/A,N/A
2025-03-02 05:40:57,411,Schießgasse,202,93,"02.03.25, 06:40"
2025-03-02 05:40:58,408,Semperoper,400,56,"02.03.25, 06:40"
2025-03-02 05:41:00,401,Taschenbergpalais,98,76,"02.03.25, 06:40"
2025-03-02 05:41:01,455,Freiberger Platz,110,N/A,N/A
2025-03-02 05:41:03,421,Kongresszentrum,250,79,"02.03.25, 06:40"
2025-03-02 05:41:06,456,Kraftwerk Mitte,0,0,"02.03.25, 06:40"
2025-03-02 05:41:07,464,Ostra-Ufer,141,133,"02.03.25, 06:40"
2025-03-02 05:41:09,429,Parkhaus Mitte,280,289,"02.03.25, 06:40"
2025-03-02 05:41:11,407,World Trade Center,220,219,"02.03.25, 06:40"
2025-03-02 05:41:12,409,Altmarkt - Galerie,N/A,N/A,N/A
2025-03-02 05:41:14,461,Budapester Straße,127,48,"02.03.25, 06:40"
2025-03-02 05:41:16,438,Centrum - Galerie,1059,943,"02.03.25, 06:40"
2025-03-02 05:41:17,419,Ferdinandplatz,170,97,"02.03.25, 06:40"
2025-03-02 05:41:19,404,GALERIA Karstadt Kaufhof,N/A,N/A,N/A
2025-03-02 05:41:20,415,Reitbahnstraße,285,84,"02.03.25, 06:40"
2025-03-02 05:41:21,410,Wiener Platz / Hauptbahnhof,350,313,"02.03.25, 06:40"
2025-03-02 05:41:23,405,Wöhrl / Florentinum,N/A,N/A,N/A
2025-03-02 05:41:24,406,SachsenEnergie Center,200,198,"02.03.25, 06:40"
2025-03-02 05:41:26,453,Strehlener Straße,235,233,"02.03.25, 06:40"
2025-03-02 05:41:27,443,Blüherstraße,130,N/A,N/A
2025-03-02 05:41:28,413,Lindengasse,N/A,N/A,N/A
2025-03-02 05:41:30,444,Lingnerallee,350,N/A,N/A
2025-03-02 05:41:32,445,Pirnaische Straße,500,N/A,N/A
2025-03-02 05:41:33,412,Pirnaischer Platz,110,49,"02.03.25, 06:40"
2025-03-02 05:41:34,452,SP1 Straßburger Platz,291,158,"02.03.25, 06:40"
2025-03-02 05:41:36,447,Bahnhof Neustadt,40,N/A,N/A
2025-03-02 05:41:37,448,Palaisplatz,100,N/A,N/A
2025-03-02 05:41:39,420,Sarrasanistraße,55,22,"02.03.25, 06:41"
2025-03-02 05:41:40,418,Theresienstraße,140,61,"02.03.25, 06:41"
2025-03-02 05:41:42,417,Wiesentorstraße,120,56,"02.03.25, 06:41"
2025-03-02 05:41:43,449,Wigardstraße,180,N/A,N/A
2025-03-02 05:41:45,465,Fidelio-F.-Finke-Straße,105,81,"02.03.25, 06:41"
2025-03-02 05:41:46,424,MESSE DRESDEN Parkplatz P7,N/A,N/A,N/A
2025-03-02 05:41:48,437,Cossebaude,32,30,"02.03.25, 06:41"
2025-03-02 05:41:49,441,Gompitz,46,N/A,N/A
2025-03-02 05:41:51,459,Grenzstraße,38,23,"02.03.25, 06:41"
2025-03-02 05:41:52,427,Kaditz,190,165,"02.03.25, 06:41"
2025-03-02 05:41:54,433,Klotzsche,36,10,"02.03.25, 06:41"
2025-03-02 05:41:55,439,Langebrück,50,39,"02.03.25, 06:41"
2025-03-02 05:41:57,436,Pennrich,50,48,"02.03.25, 06:41"
2025-03-02 05:41:58,426,Prohlis,56,52,"02.03.25, 06:41"
2025-03-02 05:41:59,434,Reick,19,19,"02.03.25, 06:41"
2025-03-02 05:42:01,460,Weißig,33,N/A,N/A
2025-03-02 05:42:03,466,Weixdorf Bad,24,N/A,N/A
2025-03-02 05:42:04,450,Ammonstraße Bus,45,N/A,N/A
2025-03-02 05:42:06,454,Pieschener Allee Bus,130,118,"02.03.25, 06:41"
2025-03-02 05:52:59,431,Altmarkt,400,402,"02.03.25, 06:52"
2025-03-02 05:53:00,403,An der Frauenkirche,120,113,"02.03.25, 06:52"
2025-03-02 05:53:02,422,Frauenkirche / Neumarkt,250,148,"02.03.25, 06:52"
2025-03-02 05:53:04,402,Haus am Zwinger,171,0,"02.03.25, 06:52"
2025-03-02 05:53:10,442,Ostra-Allee,90,N/A,N/A
2025-03-02 05:53:11,411,Schießgasse,202,92,"02.03.25, 06:52"
2025-03-02 05:53:12,408,Semperoper,400,56,"02.03.25, 06:52"
2025-03-02 05:53:14,401,Taschenbergpalais,98,75,"02.03.25, 06:52"
2025-03-02 05:53:15,455,Freiberger Platz,110,N/A,N/A
2025-03-02 05:53:17,421,Kongresszentrum,250,79,"02.03.25, 06:52"
2025-03-02 05:53:18,456,Kraftwerk Mitte,0,0,"02.03.25, 06:52"
2025-03-02 05:53:20,464,Ostra-Ufer,141,133,"02.03.25, 06:52"
2025-03-02 05:53:21,429,Parkhaus Mitte,280,289,"02.03.25, 06:52"
2025-03-02 05:53:22,407,World Trade Center,220,219,"02.03.25, 06:52"
2025-03-02 05:53:24,409,Altmarkt - Galerie,N/A,N/A,N/A
2025-03-02 05:53:25,461,Budapester Straße,127,48,"02.03.25, 06:52"
2025-03-02 05:53:26,438,Centrum - Galerie,1059,943,"02.03.25, 06:52"
2025-03-02 05:53:27,419,Ferdinandplatz,170,97,"02.03.25, 06:52"
2025-03-02 05:53:29,404,GALERIA Karstadt Kaufhof,N/A,N/A,N/A
2025-03-02 05:53:30,415,Reitbahnstraße,285,83,"02.03.25, 06:52"
2025-03-02 05:53:31,410,Wiener Platz / Hauptbahnhof,350,310,"02.03.25, 06:52"
2025-03-02 05:53:32,405,Wöhrl / Florentinum,N/A,N/A,N/A
2025-03-02 05:53:34,406,SachsenEnergie Center,200,198,"02.03.25, 06:52"
2025-03-02 05:53:35,453,Strehlener Straße,235,233,"02.03.25, 06:52"
2025-03-02 05:53:37,443,Blüherstraße,130,N/A,N/A
2025-03-02 05:53:39,413,Lindengasse,N/A,N/A,N/A
2025-03-02 05:53:40,444,Lingnerallee,350,N/A,N/A
2025-03-02 05:53:41,445,Pirnaische Straße,500,N/A,N/A
2025-03-02 05:53:42,412,Pirnaischer Platz,110,49,"02.03.25, 06:53"
2025-03-02 05:53:44,452,SP1 Straßburger Platz,291,158,"02.03.25, 06:53"
2025-03-02 05:53:45,447,Bahnhof Neustadt,40,N/A,N/A
2025-03-02 05:53:46,448,Palaisplatz,100,N/A,N/A
2025-03-02 05:53:47,420,Sarrasanistraße,55,22,"02.03.25, 06:53"
2025-03-02 05:53:48,418,Theresienstraße,140,61,"02.03.25, 06:53"
2025-03-02 05:53:50,417,Wiesentorstraße,120,56,"02.03.25, 06:53"
2025-03-02 05:53:51,449,Wigardstraße,180,N/A,N/A
2025-03-02 05:53:52,465,Fidelio-F.-Finke-Straße,105,81,"02.03.25, 06:53"
2025-03-02 05:53:53,424,MESSE DRESDEN Parkplatz P7,N/A,N/A,N/A
2025-03-02 05:53:55,437,Cossebaude,32,30,"02.03.25, 06:53"
2025-03-02 05:53:56,441,Gompitz,46,N/A,N/A
2025-03-02 05:53:57,459,Grenzstraße,38,23,"02.03.25, 06:53"
2025-03-02 05:53:58,427,Kaditz,190,165,"02.03.25, 06:53"
2025-03-02 05:54:00,433,Klotzsche,36,10,"02.03.25, 06:53"
2025-03-02 05:54:01,439,Langebrück,50,39,"02.03.25, 06:53"
2025-03-02 05:54:02,436,Pennrich,50,48,"02.03.25, 06:53"
2025-03-02 05:54:03,426,Prohlis,56,52,"02.03.25, 06:53"
2025-03-02 05:54:05,434,Reick,19,18,"02.03.25, 06:53"
2025-03-02 05:54:06,460,Weißig,33,N/A,N/A
2025-03-02 05:54:07,466,Weixdorf Bad,24,N/A,N/A
2025-03-02 05:54:08,450,Ammonstraße Bus,45,N/A,N/A
2025-03-02 05:54:10,454,Pieschener Allee Bus,130,118,"02.03.25, 06:53"
2025-03-02 06:28:09,431,Altmarkt,400,403,"02.03.25, 07:27"
2025-03-02 06:28:11,403,An der Frauenkirche,120,113,"02.03.25, 07:27"
2025-03-02 06:28:12,422,Frauenkirche / Neumarkt,250,149,"02.03.25, 07:27"
2025-03-02 06:28:13,402,Haus am Zwinger,171,0,"02.03.25, 07:27"
2025-03-02 06:28:15,442,Ostra-Allee,90,N/A,N/A
2025-03-02 06:28:17,411,Schießgasse,202,92,"02.03.25, 07:27"
2025-03-02 06:28:18,408,Semperoper,400,56,"02.03.25, 07:27"
2025-03-02 06:28:19,401,Taschenbergpalais,98,75,"02.03.25, 07:27"
2025-03-02 06:28:21,455,Freiberger Platz,110,N/A,N/A
2025-03-02 06:28:22,421,Kongresszentrum,250,75,"02.03.25, 07:27"
2025-03-02 06:28:24,456,Kraftwerk Mitte,0,0,"02.03.25, 07:27"
2025-03-02 06:28:25,464,Ostra-Ufer,141,133,"02.03.25, 07:27"
2025-03-02 06:28:26,429,Parkhaus Mitte,280,289,"02.03.25, 07:27"
2025-03-02 06:28:28,407,World Trade Center,220,218,"02.03.25, 07:27"
2025-03-02 06:28:30,409,Altmarkt - Galerie,N/A,N/A,N/A
2025-03-02 06:28:31,461,Budapester Straße,127,48,"02.03.25, 07:27"
2025-03-02 06:28:32,438,Centrum - Galerie,1059,943,"02.03.25, 07:27"
2025-03-02 06:28:34,419,Ferdinandplatz,170,97,"02.03.25, 07:27"
2025-03-02 06:28:35,404,GALERIA Karstadt Kaufhof,N/A,N/A,N/A
2025-03-02 06:28:36,415,Reitbahnstraße,285,84,"02.03.25, 07:28"
2025-03-02 06:28:37,410,Wiener Platz / Hauptbahnhof,350,309,"02.03.25, 07:28"
2025-03-02 06:28:39,405,Wöhrl / Florentinum,264,104,"02.03.25, 07:28"
2025-03-02 06:28:40,406,SachsenEnergie Center,200,198,"02.03.25, 07:28"
2025-03-02 06:28:41,453,Strehlener Straße,235,233,"02.03.25, 07:28"
2025-03-02 06:28:42,443,Blüherstraße,130,N/A,N/A
2025-03-02 06:28:43,413,Lindengasse,N/A,N/A,N/A
2025-03-02 06:28:45,444,Lingnerallee,350,N/A,N/A
2025-03-02 06:28:46,445,Pirnaische Straße,500,N/A,N/A
2025-03-02 06:28:47,412,Pirnaischer Platz,110,47,"02.03.25, 07:28"
2025-03-02 06:28:48,452,SP1 Straßburger Platz,291,158,"02.03.25, 07:28"
2025-03-02 06:28:50,447,Bahnhof Neustadt,40,N/A,N/A
2025-03-02 06:28:51,448,Palaisplatz,100,N/A,N/A
2025-03-02 06:28:52,420,Sarrasanistraße,55,22,"02.03.25, 07:28"
2025-03-02 06:28:53,418,Theresienstraße,140,61,"02.03.25, 07:28"
2025-03-02 06:28:54,417,Wiesentorstraße,120,56,"02.03.25, 07:28"
2025-03-02 06:28:56,449,Wigardstraße,180,N/A,N/A
2025-03-02 06:28:57,465,Fidelio-F.-Finke-Straße,105,79,"02.03.25, 07:28"
2025-03-02 06:28:58,424,MESSE DRESDEN Parkplatz P7,N/A,N/A,N/A
2025-03-02 06:28:59,437,Cossebaude,32,30,"02.03.25, 07:28"
2025-03-02 06:29:01,441,Gompitz,46,N/A,N/A
2025-03-02 06:29:02,459,Grenzstraße,38,23,"02.03.25, 07:28"
2025-03-02 06:29:03,427,Kaditz,190,165,"02.03.25, 07:28"
2025-03-02 06:29:04,433,Klotzsche,36,10,"02.03.25, 07:28"
2025-03-02 06:29:05,439,Langebrück,50,39,"02.03.25, 07:28"
2025-03-02 06:29:07,436,Pennrich,50,46,"02.03.25, 07:28"
2025-03-02 06:29:08,426,Prohlis,56,52,"02.03.25, 07:28"
2025-03-02 06:29:09,434,Reick,19,19,"02.03.25, 07:28"
2025-03-02 06:29:10,460,Weißig,33,N/A,N/A
2025-03-02 06:29:12,466,Weixdorf Bad,24,N/A,N/A
2025-03-02 06:29:13,450,Ammonstraße Bus,45,N/A,N/A
2025-03-02 06:29:14,454,Pieschener Allee Bus,130,118,"02.03.25, 07:28"
2025-03-02 06:45:16,431,Altmarkt,400,403,"02.03.25, 07:44"
2025-03-02 06:45:18,403,An der Frauenkirche,120,113,"02.03.25, 07:44"
2025-03-02 06:45:20,422,Frauenkirche / Neumarkt,250,149,"02.03.25, 07:44"
2025-03-02 06:45:21,402,Haus am Zwinger,171,0,"02.03.25, 07:44"
2025-03-02 06:45:22,442,Ostra-Allee,90,N/A,N/A
2025-03-02 06:45:24,411,Schießgasse,202,92,"02.03.25, 07:44"
2025-03-02 06:45:25,408,Semperoper,400,56,"02.03.25, 07:44"
2025-03-02 06:45:26,401,Taschenbergpalais,98,74,"02.03.25, 07:44"
2025-03-02 06:45:27,455,Freiberger Platz,110,N/A,N/A
2025-03-02 06:45:29,421,Kongresszentrum,250,75,"02.03.25, 07:44"
2025-03-02 06:45:31,456,Kraftwerk Mitte,0,0,"02.03.25, 07:44"
2025-03-02 06:45:32,464,Ostra-Ufer,141,133,"02.03.25, 07:44"
2025-03-02 06:45:34,429,Parkhaus Mitte,280,290,"02.03.25, 07:44"
2025-03-02 06:45:35,407,World Trade Center,220,217,"02.03.25, 07:44"
2025-03-02 06:45:36,409,Altmarkt - Galerie,N/A,N/A,N/A
2025-03-02 06:45:37,461,Budapester Straße,127,49,"02.03.25, 07:45"
2025-03-02 06:45:38,438,Centrum - Galerie,1059,944,"02.03.25, 07:45"
2025-03-02 06:45:40,419,Ferdinandplatz,170,96,"02.03.25, 07:45"
2025-03-02 06:45:41,404,GALERIA Karstadt Kaufhof,N/A,N/A,N/A
2025-03-02 06:45:43,415,Reitbahnstraße,285,84,"02.03.25, 07:45"
2025-03-02 06:45:44,410,Wiener Platz / Hauptbahnhof,350,309,"02.03.25, 07:45"
2025-03-02 06:45:45,405,Wöhrl / Florentinum,264,104,"02.03.25, 07:45"
2025-03-02 06:45:46,406,SachsenEnergie Center,200,198,"02.03.25, 07:45"
2025-03-02 06:45:48,453,Strehlener Straße,235,233,"02.03.25, 07:45"
2025-03-02 06:45:49,443,Blüherstraße,130,N/A,N/A
2025-03-02 06:45:50,413,Lindengasse,N/A,N/A,N/A
2025-03-02 06:45:51,444,Lingnerallee,350,N/A,N/A
2025-03-02 06:45:53,445,Pirnaische Straße,500,N/A,N/A
2025-03-02 06:45:54,412,Pirnaischer Platz,110,48,"02.03.25, 07:45"
2025-03-02 06:45:55,452,SP1 Straßburger Platz,291,158,"02.03.25, 07:45"
2025-03-02 06:45:56,447,Bahnhof Neustadt,40,N/A,N/A
2025-03-02 06:45:58,448,Palaisplatz,100,N/A,N/A
2025-03-02 06:45:59,420,Sarrasanistraße,55,22,"02.03.25, 07:45"
2025-03-02 06:46:00,418,Theresienstraße,140,61,"02.03.25, 07:45"
2025-03-02 06:46:02,417,Wiesentorstraße,120,57,"02.03.25, 07:45"
2025-03-02 06:46:03,449,Wigardstraße,180,N/A,N/A
2025-03-02 06:46:04,465,Fidelio-F.-Finke-Straße,105,78,"02.03.25, 07:45"
2025-03-02 06:46:05,424,MESSE DRESDEN Parkplatz P7,N/A,N/A,N/A
2025-03-02 06:46:07,437,Cossebaude,32,29,"02.03.25, 07:45"
2025-03-02 06:46:08,441,Gompitz,46,N/A,N/A
2025-03-02 06:46:09,459,Grenzstraße,38,23,"02.03.25, 07:45"
2025-03-02 06:46:10,427,Kaditz,190,165,"02.03.25, 07:45"
2025-03-02 06:46:12,433,Klotzsche,36,10,"02.03.25, 07:45"
2025-03-02 06:46:14,439,Langebrück,50,39,"02.03.25, 07:45"
2025-03-02 06:46:15,436,Pennrich,50,47,"02.03.25, 07:45"
2025-03-02 06:46:16,426,Prohlis,56,52,"02.03.25, 07:45"
2025-03-02 06:46:17,434,Reick,19,19,"02.03.25, 07:45"
2025-03-02 06:46:18,460,Weißig,33,N/A,N/A
2025-03-02 06:46:20,466,Weixdorf Bad,24,N/A,N/A
2025-03-02 06:46:21,450,Ammonstraße Bus,45,N/A,N/A
2025-03-02 06:46:22,454,Pieschener Allee Bus,130,118,"02.03.25, 07:45"
